symbol,date,time,open,high,low,close,volume
RELIANCE,2026-09-01,09:15,1450.00,1452.74,1435.12,1441.55,158137
RELIANCE,2026-09-01,09:45,1441.55,1448.04,1428.77,1433.44,112624
RELIANCE,2026-09-01,10:15,1433.44,1451.23,1428.25,1447.48,55560
RELIANCE,2026-09-01,10:45,1447.48,1461.17,1444.36,1461.10,315497
RELIANCE,2026-09-01,11:15,1461.10,1467.59,1447.05,1450.88,430995
RELIANCE,2026-09-01,11:45,1450.88,1452.38,1438.04,1444.97,389218
RELIANCE,2026-09-01,12:15,1444.97,1449.81,1439.81,1443.41,68613
RELIANCE,2026-09-01,12:45,1443.41,1453.34,1436.62,1448.81,368111
RELIANCE,2026-09-01,13:15,1448.81,1450.78,1434.68,1435.71,124050
RELIANCE,2026-09-01,13:45,1435.71,1439.17,1419.90,1421.64,113176
RELIANCE,2026-09-01,14:15,1421.64,1438.91,1416.26,1432.89,292344
RELIANCE,2026-09-01,14:45,1432.89,1435.91,1429.87,1430.66,134343
RELIANCE,2026-09-01,15:15,1430.66,1432.69,1423.08,1424.37,88174
TCS,2026-09-01,09:15,3200.00,3220.15,3188.43,3204.68,98125
TCS,2026-09-01,09:45,3204.68,3227.78,3194.56,3227.61,335470
TCS,2026-09-01,10:15,3227.61,3241.44,3203.33,3211.20,498076
TCS,2026-09-01,10:45,3211.20,3240.79,3196.58,3233.10,204234
TCS,2026-09-01,11:15,3233.10,3233.29,3211.80,3215.49,172754
TCS,2026-09-01,11:45,3215.49,3225.89,3204.84,3219.28,371558
TCS,2026-09-01,12:15,3219.28,3233.81,3179.42,3194.05,328303
TCS,2026-09-01,12:45,3194.05,3205.88,3167.01,3170.32,152997
TCS,2026-09-01,13:15,3170.32,3181.99,3132.09,3145.63,409909
TCS,2026-09-01,13:45,3145.63,3155.05,3131.37,3132.81,359255
TCS,2026-09-01,14:15,3132.81,3141.79,3101.65,3109.29,365732
TCS,2026-09-01,14:45,3109.29,3124.16,3108.43,3118.73,81324
TCS,2026-09-01,15:15,3118.73,3123.94,3107.03,3122.60,242047
INFY,2026-09-01,09:15,1550.00,1553.68,1531.21,1538.06,393690
INFY,2026-09-01,09:45,1538.06,1541.53,1522.08,1522.85,360797
INFY,2026-09-01,10:15,1522.85,1533.14,1517.17,1531.90,393491
INFY,2026-09-01,10:45,1531.90,1547.25,1526.53,1544.97,231894
INFY,2026-09-01,11:15,1544.97,1548.83,1541.65,1548.54,278359
INFY,2026-09-01,11:45,1548.54,1564.12,1541.24,1562.16,240985
INFY,2026-09-01,12:15,1562.16,1569.90,1556.62,1562.78,254308
INFY,2026-09-01,12:45,1562.78,1567.98,1552.35,1556.36,225666
INFY,2026-09-01,13:15,1556.36,1567.82,1554.70,1561.42,128649
INFY,2026-09-01,13:45,1561.42,1579.74,1560.94,1576.06,430505
INFY,2026-09-01,14:15,1576.06,1577.37,1562.66,1567.12,387010
INFY,2026-09-01,14:45,1567.12,1580.73,1567.11,1576.65,192649
INFY,2026-09-01,15:15,1576.65,1587.84,1574.73,1582.13,250355
HDFCBANK,2026-09-01,09:15,1750.00,1758.10,1736.28,1736.75,94403
HDFCBANK,2026-09-01,09:45,1736.75,1745.72,1734.43,1744.64,354211
HDFCBANK,2026-09-01,10:15,1744.64,1751.48,1738.52,1743.00,149082
HDFCBANK,2026-09-01,10:45,1743.00,1751.58,1737.99,1750.44,176878
HDFCBANK,2026-09-01,11:15,1750.44,1755.76,1743.07,1749.22,246333
HDFCBANK,2026-09-01,11:45,1749.22,1757.89,1744.25,1745.78,310888
HDFCBANK,2026-09-01,12:15,1745.78,1752.66,1738.96,1742.63,307740
HDFCBANK,2026-09-01,12:45,1742.63,1755.24,1740.52,1747.48,447173
HDFCBANK,2026-09-01,13:15,1747.48,1749.14,1734.55,1736.11,414146
HDFCBANK,2026-09-01,13:45,1736.11,1756.14,1730.00,1749.39,230319
HDFCBANK,2026-09-01,14:15,1749.39,1756.80,1737.24,1737.27,112846
HDFCBANK,2026-09-01,14:45,1737.27,1745.85,1729.92,1738.29,170700
HDFCBANK,2026-09-01,15:15,1738.29,1742.69,1719.82,1725.24,421303
ICICIBANK,2026-09-01,09:15,1350.00,1359.16,1349.84,1358.21,375030
ICICIBANK,2026-09-01,09:45,1358.21,1362.69,1355.40,1356.63,343763
ICICIBANK,2026-09-01,10:15,1356.63,1360.71,1343.67,1350.33,334834
ICICIBANK,2026-09-01,10:45,1350.33,1354.75,1349.60,1352.78,412060
ICICIBANK,2026-09-01,11:15,1352.78,1356.82,1351.42,1356.68,189750
ICICIBANK,2026-09-01,11:45,1356.68,1358.18,1354.82,1355.48,351426
ICICIBANK,2026-09-01,12:15,1355.48,1360.29,1351.40,1357.22,379328
ICICIBANK,2026-09-01,12:45,1357.22,1368.25,1356.47,1364.96,430138
ICICIBANK,2026-09-01,13:15,1364.96,1371.03,1352.08,1354.48,163634
ICICIBANK,2026-09-01,13:45,1354.48,1361.85,1348.93,1358.94,323158
ICICIBANK,2026-09-01,14:15,1358.94,1370.48,1354.59,1366.91,451143
ICICIBANK,2026-09-01,14:45,1366.91,1372.52,1356.61,1358.36,62925
ICICIBANK,2026-09-01,15:15,1358.36,1373.21,1354.37,1370.82,460872
SBIN,2026-09-01,09:15,850.00,852.99,845.69,848.04,210653
SBIN,2026-09-01,09:45,848.04,855.26,847.15,853.44,341638
SBIN,2026-09-01,10:15,853.44,854.41,851.38,852.09,239021
SBIN,2026-09-01,10:45,852.09,856.19,846.96,847.47,437941
SBIN,2026-09-01,11:15,847.47,848.04,837.92,841.78,272258
SBIN,2026-09-01,11:45,841.78,845.75,837.59,842.24,147688
SBIN,2026-09-01,12:15,842.24,842.64,833.31,835.17,266528
SBIN,2026-09-01,12:45,835.17,837.92,828.78,831.75,248758
SBIN,2026-09-01,13:15,831.75,834.73,826.92,829.95,368081
SBIN,2026-09-01,13:45,829.95,830.49,823.52,824.61,237507
SBIN,2026-09-01,14:15,824.61,826.06,821.62,822.60,229304
SBIN,2026-09-01,14:45,822.60,824.74,816.63,818.05,416767
SBIN,2026-09-01,15:15,818.05,828.53,817.28,825.11,168597
ITC,2026-09-01,09:15,500.00,504.04,497.94,502.76,80872
ITC,2026-09-01,09:45,502.76,507.79,501.92,506.35,176710
ITC,2026-09-01,10:15,506.35,511.38,505.49,510.84,63408
ITC,2026-09-01,10:45,510.84,513.86,509.75,511.43,140535
ITC,2026-09-01,11:15,511.43,517.48,508.92,515.11,344173
ITC,2026-09-01,11:45,515.11,518.27,513.38,516.93,151693
ITC,2026-09-01,12:15,516.93,517.40,513.64,514.73,341276
ITC,2026-09-01,12:45,514.73,518.26,514.04,517.09,369985
ITC,2026-09-01,13:15,517.09,519.17,512.78,513.47,215453
ITC,2026-09-01,13:45,513.47,515.90,509.53,510.19,98971
ITC,2026-09-01,14:15,510.19,512.01,506.54,506.97,478875
ITC,2026-09-01,14:45,506.97,507.70,504.51,507.35,103436
ITC,2026-09-01,15:15,507.35,509.39,507.05,509.15,421664
LT,2026-09-01,09:15,3600.00,3609.94,3584.77,3608.17,400231
LT,2026-09-01,09:45,3608.17,3621.96,3584.37,3598.68,351258
LT,2026-09-01,10:15,3598.68,3607.36,3583.83,3589.30,304230
LT,2026-09-01,10:45,3589.30,3594.43,3559.57,3572.10,255914
LT,2026-09-01,11:15,3572.10,3579.98,3550.15,3550.61,341788
LT,2026-09-01,11:45,3550.61,3563.64,3535.41,3545.90,156824
LT,2026-09-01,12:15,3545.90,3548.56,3519.71,3527.28,305621
LT,2026-09-01,12:45,3527.28,3578.34,3524.51,3562.28,178848
LT,2026-09-01,13:15,3562.28,3592.18,3557.55,3589.79,103788
LT,2026-09-01,13:45,3589.79,3631.06,3587.63,3615.62,336930
LT,2026-09-01,14:15,3615.62,3620.61,3604.35,3608.18,55760
LT,2026-09-01,14:45,3608.18,3643.59,3594.08,3638.21,69150
LT,2026-09-01,15:15,3638.21,3679.58,3632.65,3674.18,344072
BHARTIARTL,2026-09-01,09:15,1850.00,1857.34,1834.88,1841.81,60650
BHARTIARTL,2026-09-01,09:45,1841.81,1858.72,1837.94,1849.88,214578
BHARTIARTL,2026-09-01,10:15,1849.88,1854.69,1837.48,1838.65,445482
BHARTIARTL,2026-09-01,10:45,1838.65,1846.22,1821.98,1823.95,466212
BHARTIARTL,2026-09-01,11:15,1823.95,1842.21,1819.83,1836.56,374950
BHARTIARTL,2026-09-01,11:45,1836.56,1844.84,1832.17,1843.05,474210
BHARTIARTL,2026-09-01,12:15,1843.05,1855.65,1834.92,1855.26,468085
BHARTIARTL,2026-09-01,12:45,1855.26,1872.05,1850.25,1868.46,323466
BHARTIARTL,2026-09-01,13:15,1868.46,1875.27,1863.26,1868.65,229609
BHARTIARTL,2026-09-01,13:45,1868.65,1888.97,1863.41,1881.87,173012
BHARTIARTL,2026-09-01,14:15,1881.87,1900.52,1874.61,1897.26,183571
BHARTIARTL,2026-09-01,14:45,1897.26,1904.35,1886.67,1888.23,398650
BHARTIARTL,2026-09-01,15:15,1888.23,1896.97,1871.48,1876.19,441242
WIPRO,2026-09-01,09:15,520.00,521.44,517.98,518.27,261834
WIPRO,2026-09-01,09:45,518.27,519.17,513.17,514.74,225652
WIPRO,2026-09-01,10:15,514.74,516.04,509.85,510.55,205221
WIPRO,2026-09-01,10:45,510.55,510.87,505.88,507.32,57461
WIPRO,2026-09-01,11:15,507.32,507.92,506.11,506.29,388169
WIPRO,2026-09-01,11:45,506.29,507.72,502.51,504.39,401080
WIPRO,2026-09-01,12:15,504.39,504.95,500.68,500.84,196484
WIPRO,2026-09-01,12:45,500.84,500.89,496.15,496.88,401867
WIPRO,2026-09-01,13:15,496.88,500.36,496.01,499.54,152094
WIPRO,2026-09-01,13:45,499.54,500.35,493.17,495.51,121121
WIPRO,2026-09-01,14:15,495.51,496.64,491.49,491.50,424320
WIPRO,2026-09-01,14:45,491.50,494.04,490.44,492.41,366814
WIPRO,2026-09-01,15:15,492.41,496.04,492.18,495.25,152251
RELIANCE,2026-09-02,09:15,1450.00,1465.11,1444.72,1458.76,141897
RELIANCE,2026-09-02,09:45,1458.76,1462.23,1449.89,1451.05,310738
RELIANCE,2026-09-02,10:15,1451.05,1457.23,1444.37,1451.43,352503
RELIANCE,2026-09-02,10:45,1451.43,1452.01,1436.06,1438.20,180227
RELIANCE,2026-09-02,11:15,1438.20,1457.69,1432.20,1450.60,483531
RELIANCE,2026-09-02,11:45,1450.60,1464.47,1445.47,1462.25,110490
RELIANCE,2026-09-02,12:15,1462.25,1472.60,1460.55,1472.15,247991
RELIANCE,2026-09-02,12:45,1472.15,1482.89,1467.71,1476.89,452059
RELIANCE,2026-09-02,13:15,1476.89,1483.82,1470.13,1472.43,262235
RELIANCE,2026-09-02,13:45,1472.43,1483.74,1466.82,1479.42,242844
RELIANCE,2026-09-02,14:15,1479.42,1488.02,1473.39,1483.55,471013
RELIANCE,2026-09-02,14:45,1483.55,1488.65,1475.37,1481.14,270903
RELIANCE,2026-09-02,15:15,1481.14,1499.39,1477.58,1495.12,171879
TCS,2026-09-02,09:15,3200.00,3213.37,3186.79,3194.35,441709
TCS,2026-09-02,09:45,3194.35,3225.44,3184.91,3217.48,398267
TCS,2026-09-02,10:15,3217.48,3219.29,3180.38,3188.62,171574
TCS,2026-09-02,10:45,3188.62,3190.60,3170.05,3173.87,474837
TCS,2026-09-02,11:15,3173.87,3190.53,3168.94,3184.94,393487
TCS,2026-09-02,11:45,3184.94,3201.43,3182.31,3199.94,146179
TCS,2026-09-02,12:15,3199.94,3213.03,3164.78,3169.15,233421
TCS,2026-09-02,12:45,3169.15,3170.46,3148.39,3152.85,118862
TCS,2026-09-02,13:15,3152.85,3171.91,3143.58,3170.49,283405
TCS,2026-09-02,13:45,3170.49,3181.59,3160.59,3179.92,247741
TCS,2026-09-02,14:15,3179.92,3192.87,3164.39,3177.68,415041
TCS,2026-09-02,14:45,3177.68,3185.15,3149.14,3154.53,355741
TCS,2026-09-02,15:15,3154.53,3157.19,3111.23,3123.64,88361
INFY,2026-09-02,09:15,1550.00,1553.74,1542.13,1544.12,236118
INFY,2026-09-02,09:45,1544.12,1559.89,1538.88,1559.11,422466
INFY,2026-09-02,10:15,1559.11,1563.07,1547.55,1547.68,133175
INFY,2026-09-02,10:45,1547.68,1555.56,1545.45,1548.87,293944
INFY,2026-09-02,11:15,1548.87,1553.53,1537.48,1542.83,447634
INFY,2026-09-02,11:45,1542.83,1559.24,1538.45,1552.19,142987
INFY,2026-09-02,12:15,1552.19,1559.25,1535.55,1540.01,229451
INFY,2026-09-02,12:45,1540.01,1549.56,1538.52,1547.19,112608
INFY,2026-09-02,13:15,1547.19,1550.15,1541.27,1547.90,406400
INFY,2026-09-02,13:45,1547.90,1553.92,1536.66,1543.82,415049
INFY,2026-09-02,14:15,1543.82,1547.55,1539.97,1546.14,415030
INFY,2026-09-02,14:45,1546.14,1559.14,1543.98,1552.27,105214
INFY,2026-09-02,15:15,1552.27,1557.31,1549.32,1550.48,390239
HDFCBANK,2026-09-02,09:15,1750.00,1767.08,1742.23,1760.63,68475
HDFCBANK,2026-09-02,09:45,1760.63,1768.34,1741.34,1743.58,309393
HDFCBANK,2026-09-02,10:15,1743.58,1762.78,1742.38,1754.87,181996
HDFCBANK,2026-09-02,10:45,1754.87,1758.20,1739.86,1748.30,185582
HDFCBANK,2026-09-02,11:15,1748.30,1753.06,1740.22,1740.30,113810
HDFCBANK,2026-09-02,11:45,1740.30,1760.13,1735.84,1752.82,359395
HDFCBANK,2026-09-02,12:15,1752.82,1772.28,1746.29,1767.94,91241
HDFCBANK,2026-09-02,12:45,1767.94,1779.60,1761.71,1771.43,320780
HDFCBANK,2026-09-02,13:15,1771.43,1771.88,1748.12,1755.73,285002
HDFCBANK,2026-09-02,13:45,1755.73,1758.76,1738.59,1741.51,66954
HDFCBANK,2026-09-02,14:15,1741.51,1746.69,1724.30,1724.60,136323
HDFCBANK,2026-09-02,14:45,1724.60,1738.11,1719.51,1731.85,499354
HDFCBANK,2026-09-02,15:15,1731.85,1741.95,1724.91,1740.39,192235
ICICIBANK,2026-09-02,09:15,1350.00,1355.22,1338.94,1339.95,431001
ICICIBANK,2026-09-02,09:45,1339.95,1347.52,1339.51,1342.18,313198
ICICIBANK,2026-09-02,10:15,1342.18,1342.25,1329.71,1333.05,305914
ICICIBANK,2026-09-02,10:45,1333.05,1338.56,1328.39,1333.70,117850
ICICIBANK,2026-09-02,11:15,1333.70,1352.61,1332.32,1346.18,129414
ICICIBANK,2026-09-02,11:45,1346.18,1350.92,1342.30,1343.36,181045
ICICIBANK,2026-09-02,12:15,1343.36,1353.02,1339.83,1348.36,273313
ICICIBANK,2026-09-02,12:45,1348.36,1349.18,1337.59,1342.49,384719
ICICIBANK,2026-09-02,13:15,1342.49,1346.00,1342.04,1344.30,69931
ICICIBANK,2026-09-02,13:45,1344.30,1350.76,1327.95,1330.99,324251
ICICIBANK,2026-09-02,14:15,1330.99,1335.71,1328.86,1333.25,289835
ICICIBANK,2026-09-02,14:45,1333.25,1338.23,1326.96,1327.09,202507
ICICIBANK,2026-09-02,15:15,1327.09,1330.35,1318.29,1324.73,318860
SBIN,2026-09-02,09:15,850.00,850.54,846.27,847.94,153655
SBIN,2026-09-02,09:45,847.94,850.37,845.23,845.53,176029
SBIN,2026-09-02,10:15,845.53,847.23,836.27,838.47,60350
SBIN,2026-09-02,10:45,838.47,847.09,837.09,844.80,497246
SBIN,2026-09-02,11:15,844.80,847.58,841.17,847.46,122253
SBIN,2026-09-02,11:45,847.46,850.48,841.08,843.45,254110
SBIN,2026-09-02,12:15,843.45,846.73,841.03,842.77,467430
SBIN,2026-09-02,12:45,842.77,853.18,840.89,850.47,132111
SBIN,2026-09-02,13:15,850.47,859.31,848.90,857.29,300466
SBIN,2026-09-02,13:45,857.29,865.57,853.29,865.48,311175
SBIN,2026-09-02,14:15,865.48,876.47,864.20,873.48,466908
SBIN,2026-09-02,14:45,873.48,881.41,869.86,879.93,401263
SBIN,2026-09-02,15:15,879.93,885.68,876.62,882.44,389551
ITC,2026-09-02,09:15,500.00,505.92,497.88,504.98,489853
ITC,2026-09-02,09:45,504.98,506.56,503.44,504.43,301701
ITC,2026-09-02,10:15,504.43,505.36,499.26,501.50,327720
ITC,2026-09-02,10:45,501.50,503.83,495.63,497.09,367324
ITC,2026-09-02,11:15,497.09,498.56,496.13,498.42,244159
ITC,2026-09-02,11:45,498.42,500.73,493.40,494.22,394054
ITC,2026-09-02,12:15,494.22,496.75,492.05,494.65,384037
ITC,2026-09-02,12:45,494.65,500.13,494.46,497.80,72787
ITC,2026-09-02,13:15,497.80,499.77,495.05,497.00,294147
ITC,2026-09-02,13:45,497.00,499.65,494.61,498.11,87138
ITC,2026-09-02,14:15,498.11,499.20,491.61,493.54,450319
ITC,2026-09-02,14:45,493.54,495.52,487.05,488.83,400459
ITC,2026-09-02,15:15,488.83,491.47,488.54,489.06,174214
LT,2026-09-02,09:15,3600.00,3641.28,3596.55,3630.46,296298
LT,2026-09-02,09:45,3630.46,3639.73,3609.57,3624.70,392048
LT,2026-09-02,10:15,3624.70,3633.20,3589.45,3606.39,219113
LT,2026-09-02,10:45,3606.39,3616.85,3576.16,3589.48,308725
LT,2026-09-02,11:15,3589.48,3606.80,3561.02,3573.94,71145
LT,2026-09-02,11:45,3573.94,3595.64,3561.06,3580.72,336096
LT,2026-09-02,12:15,3580.72,3598.13,3549.25,3566.70,74777
LT,2026-09-02,12:45,3566.70,3582.10,3553.75,3575.59,402499
LT,2026-09-02,13:15,3575.59,3576.65,3545.56,3548.49,171720
LT,2026-09-02,13:45,3548.49,3553.19,3507.44,3514.04,186122
LT,2026-09-02,14:15,3514.04,3523.10,3492.29,3506.63,176727
LT,2026-09-02,14:45,3506.63,3551.67,3501.76,3540.00,203833
LT,2026-09-02,15:15,3540.00,3545.45,3505.32,3513.89,340684
BHARTIARTL,2026-09-02,09:15,1850.00,1852.71,1847.20,1851.38,183736
BHARTIARTL,2026-09-02,09:45,1851.38,1858.66,1845.04,1856.86,412434
BHARTIARTL,2026-09-02,10:15,1856.86,1871.71,1849.63,1862.75,304017
BHARTIARTL,2026-09-02,10:45,1862.75,1869.48,1848.99,1856.66,149227
BHARTIARTL,2026-09-02,11:15,1856.66,1861.73,1852.99,1859.80,84966
BHARTIARTL,2026-09-02,11:45,1859.80,1868.18,1856.55,1867.29,133712
BHARTIARTL,2026-09-02,12:15,1867.29,1883.10,1861.94,1882.57,172874
BHARTIARTL,2026-09-02,12:45,1882.57,1883.72,1879.49,1880.13,288784
BHARTIARTL,2026-09-02,13:15,1880.13,1897.87,1871.05,1890.22,126725
BHARTIARTL,2026-09-02,13:45,1890.22,1901.21,1888.80,1895.15,268428
BHARTIARTL,2026-09-02,14:15,1895.15,1919.50,1885.78,1910.48,266428
BHARTIARTL,2026-09-02,14:45,1910.48,1933.22,1903.96,1926.55,64368
BHARTIARTL,2026-09-02,15:15,1926.55,1932.27,1917.71,1926.83,145160
WIPRO,2026-09-02,09:15,520.00,522.51,518.92,520.10,299172
WIPRO,2026-09-02,09:45,520.10,522.61,514.60,515.12,464397
WIPRO,2026-09-02,10:15,515.12,517.50,507.88,510.40,492807
WIPRO,2026-09-02,10:45,510.40,513.02,508.32,510.93,82405
WIPRO,2026-09-02,11:15,510.93,512.21,507.25,507.33,437844
WIPRO,2026-09-02,11:45,507.33,507.38,501.18,503.03,487608
WIPRO,2026-09-02,12:15,503.03,507.55,501.94,505.82,183344
WIPRO,2026-09-02,12:45,505.82,511.04,503.40,508.95,308805
WIPRO,2026-09-02,13:15,508.95,511.64,507.67,511.20,471422
WIPRO,2026-09-02,13:45,511.20,515.54,508.65,515.18,115076
WIPRO,2026-09-02,14:15,515.18,516.07,510.41,510.67,432969
WIPRO,2026-09-02,14:45,510.67,513.17,509.33,509.34,129283
WIPRO,2026-09-02,15:15,509.34,512.20,508.49,509.68,134612
RELIANCE,2026-09-03,09:15,1450.00,1464.76,1446.80,1462.38,304963
RELIANCE,2026-09-03,09:45,1462.38,1464.53,1449.99,1455.52,240341
RELIANCE,2026-09-03,10:15,1455.52,1469.87,1452.93,1466.81,394420
RELIANCE,2026-09-03,10:45,1466.81,1473.72,1460.81,1472.14,415226
RELIANCE,2026-09-03,11:15,1472.14,1476.28,1462.84,1467.26,224874
RELIANCE,2026-09-03,11:45,1467.26,1469.64,1459.09,1463.79,430207
RELIANCE,2026-09-03,12:15,1463.79,1467.29,1459.19,1467.22,266578
RELIANCE,2026-09-03,12:45,1467.22,1477.51,1462.82,1471.47,233882
RELIANCE,2026-09-03,13:15,1471.47,1477.36,1463.33,1463.40,336075
RELIANCE,2026-09-03,13:45,1463.40,1464.73,1452.75,1455.19,333715
RELIANCE,2026-09-03,14:15,1455.19,1467.37,1448.06,1467.37,89824
RELIANCE,2026-09-03,14:45,1467.37,1483.94,1466.88,1478.89,187812
RELIANCE,2026-09-03,15:15,1478.89,1483.10,1473.62,1477.13,307959
TCS,2026-09-03,09:15,3200.00,3224.18,3189.08,3217.47,440250
TCS,2026-09-03,09:45,3217.47,3224.22,3212.01,3219.92,169417
TCS,2026-09-03,10:15,3219.92,3237.86,3207.52,3222.31,449219
TCS,2026-09-03,10:45,3222.31,3228.56,3214.69,3216.31,405311
TCS,2026-09-03,11:15,3216.31,3230.72,3207.94,3223.08,225984
TCS,2026-09-03,11:45,3223.08,3258.31,3216.24,3244.39,159064
TCS,2026-09-03,12:15,3244.39,3249.60,3208.94,3218.06,404157
TCS,2026-09-03,12:45,3218.06,3231.66,3175.57,3188.62,247017
TCS,2026-09-03,13:15,3188.62,3197.41,3174.39,3180.36,69914
TCS,2026-09-03,13:45,3180.36,3188.52,3147.54,3163.30,455992
TCS,2026-09-03,14:15,3163.30,3165.89,3133.15,3143.62,227705
TCS,2026-09-03,14:45,3143.62,3144.38,3112.66,3120.77,99347
TCS,2026-09-03,15:15,3120.77,3149.05,3114.47,3148.52,195752
INFY,2026-09-03,09:15,1550.00,1562.92,1547.82,1555.28,316463
INFY,2026-09-03,09:45,1555.28,1565.39,1554.87,1563.17,125001
INFY,2026-09-03,10:15,1563.17,1563.53,1554.14,1560.94,467552
INFY,2026-09-03,10:45,1560.94,1567.48,1553.88,1558.48,210349
INFY,2026-09-03,11:15,1558.48,1559.04,1543.05,1543.83,162068
INFY,2026-09-03,11:45,1543.83,1552.22,1538.22,1549.44,282851
INFY,2026-09-03,12:15,1549.44,1552.17,1534.76,1537.95,396261
INFY,2026-09-03,12:45,1537.95,1540.01,1516.01,1523.37,397883
INFY,2026-09-03,13:15,1523.37,1526.75,1505.87,1513.38,210117
INFY,2026-09-03,13:45,1513.38,1531.12,1506.85,1526.35,356341
INFY,2026-09-03,14:15,1526.35,1527.00,1511.92,1515.51,148258
INFY,2026-09-03,14:45,1515.51,1525.94,1514.26,1522.23,415892
INFY,2026-09-03,15:15,1522.23,1533.16,1520.17,1531.06,322007
HDFCBANK,2026-09-03,09:15,1750.00,1753.71,1743.94,1744.15,497996
HDFCBANK,2026-09-03,09:45,1744.15,1750.05,1726.64,1728.56,211447
HDFCBANK,2026-09-03,10:15,1728.56,1734.00,1723.53,1728.88,183056
HDFCBANK,2026-09-03,10:45,1728.88,1743.64,1720.83,1736.99,380926
HDFCBANK,2026-09-03,11:15,1736.99,1745.49,1731.48,1739.33,331974
HDFCBANK,2026-09-03,11:45,1739.33,1762.39,1731.09,1756.23,138889
HDFCBANK,2026-09-03,12:15,1756.23,1772.89,1755.22,1766.02,323395
HDFCBANK,2026-09-03,12:45,1766.02,1773.61,1758.11,1766.37,410069
HDFCBANK,2026-09-03,13:15,1766.37,1774.08,1756.19,1758.34,71023
HDFCBANK,2026-09-03,13:45,1758.34,1763.80,1756.94,1760.15,441589
HDFCBANK,2026-09-03,14:15,1760.15,1776.52,1753.16,1768.35,104261
HDFCBANK,2026-09-03,14:45,1768.35,1776.51,1762.74,1765.71,312030
HDFCBANK,2026-09-03,15:15,1765.71,1785.45,1761.86,1782.13,381762
ICICIBANK,2026-09-03,09:15,1350.00,1356.47,1348.48,1355.21,409374
ICICIBANK,2026-09-03,09:45,1355.21,1361.04,1349.73,1360.77,282918
ICICIBANK,2026-09-03,10:15,1360.77,1377.18,1357.20,1372.20,130365
ICICIBANK,2026-09-03,10:45,1372.20,1372.56,1352.75,1358.72,131665
ICICIBANK,2026-09-03,11:15,1358.72,1367.69,1356.42,1361.12,283703
ICICIBANK,2026-09-03,11:45,1361.12,1373.20,1355.14,1372.78,354067
ICICIBANK,2026-09-03,12:15,1372.78,1377.48,1360.76,1366.28,487003
ICICIBANK,2026-09-03,12:45,1366.28,1367.02,1356.71,1358.65,388826
ICICIBANK,2026-09-03,13:15,1358.65,1364.37,1345.90,1351.94,350407
ICICIBANK,2026-09-03,13:45,1351.94,1356.35,1350.91,1350.99,108941
ICICIBANK,2026-09-03,14:15,1350.99,1355.28,1346.01,1352.94,308926
ICICIBANK,2026-09-03,14:45,1352.94,1368.35,1347.29,1366.31,77334
ICICIBANK,2026-09-03,15:15,1366.31,1371.97,1355.36,1361.76,155836
SBIN,2026-09-03,09:15,850.00,858.29,848.54,856.35,405953
SBIN,2026-09-03,09:45,856.35,857.55,850.81,852.34,64516
SBIN,2026-09-03,10:15,852.34,858.62,848.54,857.93,405619
SBIN,2026-09-03,10:45,857.93,860.75,850.42,853.43,190545
SBIN,2026-09-03,11:15,853.43,859.75,853.29,859.15,345246
SBIN,2026-09-03,11:45,859.15,859.25,853.90,854.29,192019
SBIN,2026-09-03,12:15,854.29,857.79,851.84,856.35,312501
SBIN,2026-09-03,12:45,856.35,861.96,852.60,859.58,52925
SBIN,2026-09-03,13:15,859.58,869.16,858.01,867.85,405563
SBIN,2026-09-03,13:45,867.85,869.95,864.65,869.80,162192
SBIN,2026-09-03,14:15,869.80,873.95,868.00,868.77,193831
SBIN,2026-09-03,14:45,868.77,874.09,867.82,871.47,284321
SBIN,2026-09-03,15:15,871.47,874.66,863.30,865.73,99864
ITC,2026-09-03,09:15,500.00,501.09,495.58,495.95,239442
ITC,2026-09-03,09:45,495.95,497.04,492.69,492.88,87454
ITC,2026-09-03,10:15,492.88,493.43,491.36,492.17,400165
ITC,2026-09-03,10:45,492.17,492.44,488.52,489.07,402783
ITC,2026-09-03,11:15,489.07,493.09,487.66,492.28,214319
ITC,2026-09-03,11:45,492.28,497.79,491.17,496.47,202628
ITC,2026-09-03,12:15,496.47,501.70,496.21,500.77,178711
ITC,2026-09-03,12:45,500.77,503.12,495.58,497.04,356271
ITC,2026-09-03,13:15,497.04,497.35,494.82,495.66,429418
ITC,2026-09-03,13:45,495.66,496.00,494.99,495.31,489241
ITC,2026-09-03,14:15,495.31,498.43,493.14,498.02,473957
ITC,2026-09-03,14:45,498.02,503.39,496.22,501.00,425075
ITC,2026-09-03,15:15,501.00,501.47,499.33,500.71,303742
LT,2026-09-03,09:15,3600.00,3608.48,3579.16,3585.26,391818
LT,2026-09-03,09:45,3585.26,3617.93,3580.95,3603.44,293208
LT,2026-09-03,10:15,3603.44,3632.22,3589.50,3626.85,438865
LT,2026-09-03,10:45,3626.85,3643.72,3589.32,3593.45,125161
LT,2026-09-03,11:15,3593.45,3606.08,3556.14,3570.42,274622
LT,2026-09-03,11:45,3570.42,3606.21,3564.65,3594.37,326283
LT,2026-09-03,12:15,3594.37,3623.60,3579.52,3614.21,117084
LT,2026-09-03,12:45,3614.21,3630.61,3599.53,3617.77,487117
LT,2026-09-03,13:15,3617.77,3638.13,3601.36,3621.48,165038
LT,2026-09-03,13:45,3621.48,3633.26,3597.07,3601.58,148611
LT,2026-09-03,14:15,3601.58,3616.29,3588.62,3594.78,264065
LT,2026-09-03,14:45,3594.78,3597.92,3583.27,3584.29,96451
LT,2026-09-03,15:15,3584.29,3588.27,3565.50,3575.23,330045
BHARTIARTL,2026-09-03,09:15,1850.00,1857.74,1834.75,1841.98,280278
BHARTIARTL,2026-09-03,09:45,1841.98,1849.28,1828.27,1834.92,91746
BHARTIARTL,2026-09-03,10:15,1834.92,1859.35,1827.31,1851.75,269802
BHARTIARTL,2026-09-03,10:45,1851.75,1861.22,1846.91,1854.59,434145
BHARTIARTL,2026-09-03,11:15,1854.59,1858.67,1846.83,1856.65,460103
BHARTIARTL,2026-09-03,11:45,1856.65,1859.43,1853.19,1854.48,429991
BHARTIARTL,2026-09-03,12:15,1854.48,1858.87,1854.29,1858.71,258781
BHARTIARTL,2026-09-03,12:45,1858.71,1872.19,1856.20,1863.16,282773
BHARTIARTL,2026-09-03,13:15,1863.16,1869.22,1853.44,1860.70,198949
BHARTIARTL,2026-09-03,13:45,1860.70,1871.52,1851.45,1871.03,193746
BHARTIARTL,2026-09-03,14:15,1871.03,1887.67,1864.31,1881.86,200938
BHARTIARTL,2026-09-03,14:45,1881.86,1905.26,1879.37,1898.61,205046
BHARTIARTL,2026-09-03,15:15,1898.61,1917.61,1890.39,1909.02,295216
WIPRO,2026-09-03,09:15,520.00,523.87,518.18,522.69,71420
WIPRO,2026-09-03,09:45,522.69,527.38,520.46,526.50,96255
WIPRO,2026-09-03,10:15,526.50,529.26,525.27,527.29,436054
WIPRO,2026-09-03,10:45,527.29,530.27,525.51,528.00,312125
WIPRO,2026-09-03,11:15,528.00,530.11,525.80,526.65,426233
WIPRO,2026-09-03,11:45,526.65,527.51,521.38,523.15,334110
WIPRO,2026-09-03,12:15,523.15,528.01,521.46,526.47,88900
WIPRO,2026-09-03,12:45,526.47,527.72,523.14,525.47,272874
WIPRO,2026-09-03,13:15,525.47,527.78,522.30,524.01,415687
WIPRO,2026-09-03,13:45,524.01,528.96,522.27,528.94,326835
WIPRO,2026-09-03,14:15,528.94,531.51,526.65,526.79,309125
WIPRO,2026-09-03,14:45,526.79,527.56,522.22,524.79,238827
WIPRO,2026-09-03,15:15,524.79,529.53,524.77,527.87,177524
RELIANCE,2026-09-04,09:15,1450.00,1459.92,1446.35,1457.50,377238
RELIANCE,2026-09-04,09:45,1457.50,1459.87,1438.20,1444.44,457270
RELIANCE,2026-09-04,10:15,1444.44,1461.81,1441.78,1454.74,51864
RELIANCE,2026-09-04,10:45,1454.74,1457.95,1449.85,1453.64,94770
RELIANCE,2026-09-04,11:15,1453.64,1454.82,1451.10,1453.93,110243
RELIANCE,2026-09-04,11:45,1453.93,1455.35,1439.96,1445.41,347972
RELIANCE,2026-09-04,12:15,1445.41,1446.81,1433.34,1433.69,318278
RELIANCE,2026-09-04,12:45,1433.69,1435.71,1417.34,1420.17,475014
RELIANCE,2026-09-04,13:15,1420.17,1428.61,1417.89,1422.54,135841
RELIANCE,2026-09-04,13:45,1422.54,1426.98,1406.51,1412.63,186958
RELIANCE,2026-09-04,14:15,1412.63,1414.84,1399.46,1403.39,388691
RELIANCE,2026-09-04,14:45,1403.39,1405.84,1388.26,1391.64,106659
RELIANCE,2026-09-04,15:15,1391.64,1397.72,1386.56,1394.71,225917
TCS,2026-09-04,09:15,3200.00,3213.03,3177.62,3181.57,413229
TCS,2026-09-04,09:45,3181.57,3214.53,3168.76,3204.42,400462
TCS,2026-09-04,10:15,3204.42,3238.35,3204.13,3224.41,153316
TCS,2026-09-04,10:45,3224.41,3225.62,3193.35,3194.23,292651
TCS,2026-09-04,11:15,3194.23,3203.87,3159.95,3173.84,109624
TCS,2026-09-04,11:45,3173.84,3219.52,3163.78,3205.57,365217
TCS,2026-09-04,12:15,3205.57,3239.30,3203.64,3224.37,391615
TCS,2026-09-04,12:45,3224.37,3236.95,3185.67,3192.99,356511
TCS,2026-09-04,13:15,3192.99,3201.43,3168.81,3172.38,354054
TCS,2026-09-04,13:45,3172.38,3193.11,3171.77,3177.58,380745
TCS,2026-09-04,14:15,3177.58,3202.60,3168.20,3195.74,63996
TCS,2026-09-04,14:45,3195.74,3208.39,3157.69,3168.96,293974
TCS,2026-09-04,15:15,3168.96,3185.77,3153.76,3176.15,312153
INFY,2026-09-04,09:15,1550.00,1557.30,1529.84,1536.54,294580
INFY,2026-09-04,09:45,1536.54,1539.30,1515.69,1522.31,357575
INFY,2026-09-04,10:15,1522.31,1525.77,1507.40,1513.86,306437
INFY,2026-09-04,10:45,1513.86,1523.79,1510.47,1518.70,421413
INFY,2026-09-04,11:15,1518.70,1522.51,1508.96,1515.29,154105
INFY,2026-09-04,11:45,1515.29,1522.09,1510.58,1514.18,210186
INFY,2026-09-04,12:15,1514.18,1521.19,1508.05,1520.58,273188
INFY,2026-09-04,12:45,1520.58,1537.62,1513.21,1532.00,55933
INFY,2026-09-04,13:15,1532.00,1546.45,1528.48,1544.78,258479
INFY,2026-09-04,13:45,1544.78,1546.77,1526.47,1533.81,63109
INFY,2026-09-04,14:15,1533.81,1551.78,1529.30,1547.61,279863
INFY,2026-09-04,14:45,1547.61,1555.18,1538.93,1545.15,366953
INFY,2026-09-04,15:15,1545.15,1545.72,1529.09,1530.86,157691
HDFCBANK,2026-09-04,09:15,1750.00,1759.01,1744.60,1758.25,103825
HDFCBANK,2026-09-04,09:45,1758.25,1761.17,1748.98,1752.88,179156
HDFCBANK,2026-09-04,10:15,1752.88,1753.39,1735.47,1741.35,455672
HDFCBANK,2026-09-04,10:45,1741.35,1754.68,1734.06,1747.82,442910
HDFCBANK,2026-09-04,11:15,1747.82,1747.96,1735.18,1741.02,262301
HDFCBANK,2026-09-04,11:45,1741.02,1744.90,1738.71,1742.21,168119
HDFCBANK,2026-09-04,12:15,1742.21,1762.50,1733.92,1757.35,108242
HDFCBANK,2026-09-04,12:45,1757.35,1762.80,1739.53,1745.53,352514
HDFCBANK,2026-09-04,13:15,1745.53,1746.28,1723.97,1732.20,151428
HDFCBANK,2026-09-04,13:45,1732.20,1739.68,1725.02,1727.33,251175
HDFCBANK,2026-09-04,14:15,1727.33,1744.20,1719.73,1741.26,311764
HDFCBANK,2026-09-04,14:45,1741.26,1743.23,1737.96,1743.10,58954
HDFCBANK,2026-09-04,15:15,1743.10,1751.41,1729.38,1732.11,202380
ICICIBANK,2026-09-04,09:15,1350.00,1367.73,1346.92,1361.91,474473
ICICIBANK,2026-09-04,09:45,1361.91,1365.15,1350.52,1357.08,413476
ICICIBANK,2026-09-04,10:15,1357.08,1367.88,1350.64,1363.67,219478
ICICIBANK,2026-09-04,10:45,1363.67,1371.43,1362.73,1371.07,377097
ICICIBANK,2026-09-04,11:15,1371.07,1374.92,1360.76,1366.49,225745
ICICIBANK,2026-09-04,11:45,1366.49,1370.35,1355.15,1355.19,145722
ICICIBANK,2026-09-04,12:15,1355.19,1357.47,1344.16,1346.58,439784
ICICIBANK,2026-09-04,12:45,1346.58,1349.70,1339.90,1349.01,133564
ICICIBANK,2026-09-04,13:15,1349.01,1353.98,1335.49,1336.03,265217
ICICIBANK,2026-09-04,13:45,1336.03,1352.62,1329.47,1346.30,147695
ICICIBANK,2026-09-04,14:15,1346.30,1353.23,1346.22,1348.24,404702
ICICIBANK,2026-09-04,14:45,1348.24,1350.01,1334.77,1338.08,494045
ICICIBANK,2026-09-04,15:15,1338.08,1352.49,1334.37,1350.79,462560
SBIN,2026-09-04,09:15,850.00,859.42,846.55,855.96,246734
SBIN,2026-09-04,09:45,855.96,861.76,854.60,860.27,479165
SBIN,2026-09-04,10:15,860.27,869.67,859.58,868.06,194611
SBIN,2026-09-04,10:45,868.06,871.90,861.75,864.75,159869
SBIN,2026-09-04,11:15,864.75,865.78,858.81,859.27,276284
SBIN,2026-09-04,11:45,859.27,866.88,858.34,864.47,158950
SBIN,2026-09-04,12:15,864.47,874.20,861.32,871.13,490591
SBIN,2026-09-04,12:45,871.13,878.26,870.66,875.43,298667
SBIN,2026-09-04,13:15,875.43,886.80,871.49,883.23,56647
SBIN,2026-09-04,13:45,883.23,883.95,880.71,881.88,121982
SBIN,2026-09-04,14:15,881.88,885.00,878.27,884.93,184369
SBIN,2026-09-04,14:45,884.93,894.45,881.91,891.09,368764
SBIN,2026-09-04,15:15,891.09,894.66,880.89,882.70,267631
ITC,2026-09-04,09:15,500.00,502.90,498.92,501.24,86288
ITC,2026-09-04,09:45,501.24,506.74,500.79,505.69,467037
ITC,2026-09-04,10:15,505.69,507.21,501.12,501.81,437377
ITC,2026-09-04,10:45,501.81,501.83,495.65,498.11,441017
ITC,2026-09-04,11:15,498.11,501.42,495.80,499.16,497656
ITC,2026-09-04,11:45,499.16,500.97,495.69,497.52,261371
ITC,2026-09-04,12:15,497.52,497.98,494.90,496.68,405259
ITC,2026-09-04,12:45,496.68,503.20,496.61,501.38,494960
ITC,2026-09-04,13:15,501.38,507.82,500.44,505.40,123416
ITC,2026-09-04,13:45,505.40,507.82,504.84,507.32,216660
ITC,2026-09-04,14:15,507.32,509.80,504.14,505.22,60992
ITC,2026-09-04,14:45,505.22,507.90,504.86,506.05,366816
ITC,2026-09-04,15:15,506.05,506.29,500.51,502.18,460477
LT,2026-09-04,09:15,3600.00,3632.66,3593.40,3614.98,407132
LT,2026-09-04,09:45,3614.98,3657.10,3604.98,3640.89,238715
LT,2026-09-04,10:15,3640.89,3645.81,3622.86,3644.86,240732
LT,2026-09-04,10:45,3644.86,3652.80,3606.04,3611.37,120381
LT,2026-09-04,11:15,3611.37,3637.15,3599.74,3636.60,71015
LT,2026-09-04,11:45,3636.60,3653.42,3596.85,3610.47,211540
LT,2026-09-04,12:15,3610.47,3630.73,3605.22,3621.11,193830
LT,2026-09-04,12:45,3621.11,3625.72,3605.50,3617.47,63607
LT,2026-09-04,13:15,3617.47,3631.19,3579.79,3590.98,136029
LT,2026-09-04,13:45,3590.98,3599.29,3583.74,3595.19,348027
LT,2026-09-04,14:15,3595.19,3626.74,3580.98,3609.52,84495
LT,2026-09-04,14:45,3609.52,3635.31,3602.99,3618.47,410222
LT,2026-09-04,15:15,3618.47,3640.45,3614.52,3622.85,470297
BHARTIARTL,2026-09-04,09:15,1850.00,1850.33,1847.23,1848.86,455025
BHARTIARTL,2026-09-04,09:45,1848.86,1864.69,1840.27,1858.96,361453
BHARTIARTL,2026-09-04,10:15,1858.96,1869.54,1858.80,1863.28,166429
BHARTIARTL,2026-09-04,10:45,1863.28,1867.60,1854.72,1856.81,150968
BHARTIARTL,2026-09-04,11:15,1856.81,1872.39,1849.98,1867.51,478599
BHARTIARTL,2026-09-04,11:45,1867.51,1873.13,1862.44,1871.18,425685
BHARTIARTL,2026-09-04,12:15,1871.18,1878.07,1855.97,1862.05,390284
BHARTIARTL,2026-09-04,12:45,1862.05,1868.07,1852.89,1856.88,327204
BHARTIARTL,2026-09-04,13:15,1856.88,1879.82,1855.29,1871.37,64660
BHARTIARTL,2026-09-04,13:45,1871.37,1892.82,1862.67,1886.63,310837
BHARTIARTL,2026-09-04,14:15,1886.63,1889.41,1870.15,1879.39,380778
BHARTIARTL,2026-09-04,14:45,1879.39,1885.17,1865.17,1868.91,332337
BHARTIARTL,2026-09-04,15:15,1868.91,1871.07,1861.34,1864.09,349872
WIPRO,2026-09-04,09:15,520.00,524.34,519.60,524.12,176751
WIPRO,2026-09-04,09:45,524.12,529.74,523.41,527.90,320295
WIPRO,2026-09-04,10:15,527.90,535.18,527.88,533.02,290937
WIPRO,2026-09-04,10:45,533.02,534.65,530.94,531.60,318767
WIPRO,2026-09-04,11:15,531.60,531.83,528.38,528.93,312772
WIPRO,2026-09-04,11:45,528.93,532.89,527.08,532.60,314407
WIPRO,2026-09-04,12:15,532.60,535.63,531.30,534.26,125135
WIPRO,2026-09-04,12:45,534.26,536.64,531.51,531.79,117506
WIPRO,2026-09-04,13:15,531.79,532.19,530.30,531.68,463895
WIPRO,2026-09-04,13:45,531.68,531.91,531.17,531.31,393744
WIPRO,2026-09-04,14:15,531.31,532.79,527.95,528.77,490236
WIPRO,2026-09-04,14:45,528.77,529.98,528.21,529.45,157355
WIPRO,2026-09-04,15:15,529.45,532.02,526.85,529.76,163543
RELIANCE,2026-09-07,09:15,1450.00,1463.37,1447.38,1459.25,431949
RELIANCE,2026-09-07,09:45,1459.25,1460.12,1451.25,1455.54,162851
RELIANCE,2026-09-07,10:15,1455.54,1466.65,1454.44,1461.34,491844
RELIANCE,2026-09-07,10:45,1461.34,1464.43,1457.39,1457.53,194127
RELIANCE,2026-09-07,11:15,1457.53,1465.06,1451.63,1460.55,155132
RELIANCE,2026-09-07,11:45,1460.55,1473.98,1457.66,1469.54,123193
RELIANCE,2026-09-07,12:15,1469.54,1476.86,1464.22,1474.27,385841
RELIANCE,2026-09-07,12:45,1474.27,1474.41,1470.17,1473.76,436308
RELIANCE,2026-09-07,13:15,1473.76,1473.86,1456.69,1459.97,102953
RELIANCE,2026-09-07,13:45,1459.97,1473.22,1455.07,1473.10,305319
RELIANCE,2026-09-07,14:15,1473.10,1474.56,1457.48,1461.00,254902
RELIANCE,2026-09-07,14:45,1461.00,1470.84,1456.18,1466.51,127462
RELIANCE,2026-09-07,15:15,1466.51,1477.89,1462.31,1471.09,320128
TCS,2026-09-07,09:15,3200.00,3201.82,3181.34,3184.15,182210
TCS,2026-09-07,09:45,3184.15,3190.90,3172.60,3181.00,83436
TCS,2026-09-07,10:15,3181.00,3190.55,3150.19,3161.64,273874
TCS,2026-09-07,10:45,3161.64,3170.10,3121.68,3130.67,166511
TCS,2026-09-07,11:15,3130.67,3142.67,3117.99,3129.30,208356
TCS,2026-09-07,11:45,3129.30,3146.40,3115.14,3139.83,214382
TCS,2026-09-07,12:15,3139.83,3164.66,3130.26,3154.17,467470
TCS,2026-09-07,12:45,3154.17,3187.73,3153.79,3182.66,236965
TCS,2026-09-07,13:15,3182.66,3213.71,3175.16,3199.89,243341
TCS,2026-09-07,13:45,3199.89,3239.06,3187.21,3225.10,87912
TCS,2026-09-07,14:15,3225.10,3233.06,3210.37,3224.74,377670
TCS,2026-09-07,14:45,3224.74,3229.08,3182.48,3196.61,60799
TCS,2026-09-07,15:15,3196.61,3212.35,3169.43,3169.87,284455
INFY,2026-09-07,09:15,1550.00,1566.51,1546.31,1559.87,310323
INFY,2026-09-07,09:45,1559.87,1563.74,1546.54,1548.34,148409
INFY,2026-09-07,10:15,1548.34,1553.20,1544.23,1552.77,359520
INFY,2026-09-07,10:45,1552.77,1563.74,1550.91,1560.97,123713
INFY,2026-09-07,11:15,1560.97,1566.89,1549.61,1550.07,425917
INFY,2026-09-07,11:45,1550.07,1567.86,1546.89,1561.96,159776
INFY,2026-09-07,12:15,1561.96,1579.92,1557.79,1576.25,463902
INFY,2026-09-07,12:45,1576.25,1580.25,1561.31,1563.69,107575
INFY,2026-09-07,13:15,1563.69,1578.60,1560.26,1574.60,286854
INFY,2026-09-07,13:45,1574.60,1578.71,1564.41,1571.54,331163
INFY,2026-09-07,14:15,1571.54,1586.47,1568.95,1581.20,288020
INFY,2026-09-07,14:45,1581.20,1585.29,1561.31,1567.33,214072
INFY,2026-09-07,15:15,1567.33,1580.03,1567.18,1578.07,196318
HDFCBANK,2026-09-07,09:15,1750.00,1760.28,1746.43,1758.36,304678
HDFCBANK,2026-09-07,09:45,1758.36,1766.10,1749.47,1757.33,281543
HDFCBANK,2026-09-07,10:15,1757.33,1768.22,1755.46,1765.81,271376
HDFCBANK,2026-09-07,10:45,1765.81,1771.90,1752.41,1760.30,187193
HDFCBANK,2026-09-07,11:15,1760.30,1767.50,1750.29,1755.14,183520
HDFCBANK,2026-09-07,11:45,1755.14,1761.25,1751.77,1757.98,238183
HDFCBANK,2026-09-07,12:15,1757.98,1772.32,1752.16,1770.12,218124
HDFCBANK,2026-09-07,12:45,1770.12,1775.03,1762.88,1768.11,170434
HDFCBANK,2026-09-07,13:15,1768.11,1772.76,1756.28,1762.91,477824
HDFCBANK,2026-09-07,13:45,1762.91,1768.81,1742.40,1747.00,278967
HDFCBANK,2026-09-07,14:15,1747.00,1750.34,1739.15,1744.18,223585
HDFCBANK,2026-09-07,14:45,1744.18,1747.27,1739.19,1746.91,435440
HDFCBANK,2026-09-07,15:15,1746.91,1752.85,1740.69,1750.94,56496
ICICIBANK,2026-09-07,09:15,1350.00,1354.68,1335.52,1338.99,465554
ICICIBANK,2026-09-07,09:45,1338.99,1349.49,1336.30,1347.39,88596
ICICIBANK,2026-09-07,10:15,1347.39,1348.23,1336.24,1338.63,295084
ICICIBANK,2026-09-07,10:45,1338.63,1340.74,1327.74,1329.72,279900
ICICIBANK,2026-09-07,11:15,1329.72,1340.83,1326.01,1338.41,80758
ICICIBANK,2026-09-07,11:45,1338.41,1345.58,1332.11,1340.83,239361
ICICIBANK,2026-09-07,12:15,1340.83,1345.67,1326.39,1329.03,489391
ICICIBANK,2026-09-07,12:45,1329.03,1333.89,1327.21,1327.29,327722
ICICIBANK,2026-09-07,13:15,1327.29,1333.89,1313.25,1319.59,159166
ICICIBANK,2026-09-07,13:45,1319.59,1321.85,1307.05,1312.07,85778
ICICIBANK,2026-09-07,14:15,1312.07,1315.81,1301.04,1306.00,131317
ICICIBANK,2026-09-07,14:45,1306.00,1321.94,1300.00,1316.03,157715
ICICIBANK,2026-09-07,15:15,1316.03,1321.37,1309.65,1312.83,415252
SBIN,2026-09-07,09:15,850.00,855.63,848.01,852.12,119583
SBIN,2026-09-07,09:45,852.12,855.77,844.10,844.95,408609
SBIN,2026-09-07,10:15,844.95,849.78,843.58,849.14,129503
SBIN,2026-09-07,10:45,849.14,853.38,837.25,840.75,119658
SBIN,2026-09-07,11:15,840.75,842.77,839.02,840.79,204130
SBIN,2026-09-07,11:45,840.79,842.55,836.74,840.05,98406
SBIN,2026-09-07,12:15,840.05,843.72,834.21,835.34,402971
SBIN,2026-09-07,12:45,835.34,840.25,834.67,839.28,224132
SBIN,2026-09-07,13:15,839.28,842.78,838.07,840.16,87168
SBIN,2026-09-07,13:45,840.16,846.30,838.11,844.64,255825
SBIN,2026-09-07,14:15,844.64,847.33,842.92,843.39,197122
SBIN,2026-09-07,14:45,843.39,843.54,838.38,841.08,259557
SBIN,2026-09-07,15:15,841.08,841.63,838.86,841.15,492322
ITC,2026-09-07,09:15,500.00,501.45,499.80,501.44,355483
ITC,2026-09-07,09:45,501.44,504.12,500.34,502.37,200007
ITC,2026-09-07,10:15,502.37,507.61,500.43,506.51,387617
ITC,2026-09-07,10:45,506.51,510.87,505.48,508.66,67997
ITC,2026-09-07,11:15,508.66,508.66,508.26,508.48,450274
ITC,2026-09-07,11:45,508.48,513.25,506.63,512.91,88033
ITC,2026-09-07,12:15,512.91,519.48,510.61,517.05,288846
ITC,2026-09-07,12:45,517.05,518.61,514.39,514.47,175550
ITC,2026-09-07,13:15,514.47,515.44,509.61,511.31,136054
ITC,2026-09-07,13:45,511.31,518.71,509.64,516.24,151436
ITC,2026-09-07,14:15,516.24,518.29,513.32,513.49,401874
ITC,2026-09-07,14:45,513.49,519.54,512.07,516.96,250624
ITC,2026-09-07,15:15,516.96,523.56,515.73,522.06,236193
LT,2026-09-07,09:15,3600.00,3613.66,3583.70,3590.26,80831
LT,2026-09-07,09:45,3590.26,3617.44,3581.55,3614.10,229347
LT,2026-09-07,10:15,3614.10,3656.74,3604.37,3642.10,482763
LT,2026-09-07,10:45,3642.10,3643.04,3614.15,3624.35,199844
LT,2026-09-07,11:15,3624.35,3637.13,3601.37,3614.01,343063
LT,2026-09-07,11:45,3614.01,3618.08,3606.85,3615.43,484604
LT,2026-09-07,12:15,3615.43,3635.60,3599.70,3634.34,199819
LT,2026-09-07,12:45,3634.34,3642.09,3627.54,3634.33,274812
LT,2026-09-07,13:15,3634.33,3682.84,3630.34,3664.82,498361
LT,2026-09-07,13:45,3664.82,3678.40,3616.00,3634.08,202570
LT,2026-09-07,14:15,3634.08,3634.47,3630.67,3631.92,53379
LT,2026-09-07,14:45,3631.92,3642.68,3609.24,3619.49,152370
LT,2026-09-07,15:15,3619.49,3667.12,3605.66,3651.98,120584
BHARTIARTL,2026-09-07,09:15,1850.00,1852.85,1838.38,1841.02,260625
BHARTIARTL,2026-09-07,09:45,1841.02,1854.46,1837.36,1849.90,153029
BHARTIARTL,2026-09-07,10:15,1849.90,1855.94,1835.27,1837.71,434786
BHARTIARTL,2026-09-07,10:45,1837.71,1859.86,1830.04,1851.28,50045
BHARTIARTL,2026-09-07,11:15,1851.28,1853.72,1846.11,1846.96,399919
BHARTIARTL,2026-09-07,11:45,1846.96,1853.28,1841.09,1847.68,331138
BHARTIARTL,2026-09-07,12:15,1847.68,1860.06,1844.05,1853.47,349370
BHARTIARTL,2026-09-07,12:45,1853.47,1861.03,1845.19,1858.81,229799
BHARTIARTL,2026-09-07,13:15,1858.81,1862.49,1839.25,1844.01,253929
BHARTIARTL,2026-09-07,13:45,1844.01,1845.07,1830.59,1832.77,94260
BHARTIARTL,2026-09-07,14:15,1832.77,1838.06,1809.18,1815.68,293350
BHARTIARTL,2026-09-07,14:45,1815.68,1822.84,1804.30,1805.07,294132
BHARTIARTL,2026-09-07,15:15,1805.07,1808.76,1789.88,1790.72,69875
WIPRO,2026-09-07,09:15,520.00,521.05,514.77,516.87,495902
WIPRO,2026-09-07,09:45,516.87,521.50,515.52,520.67,200899
WIPRO,2026-09-07,10:15,520.67,525.50,518.37,524.54,424400
WIPRO,2026-09-07,10:45,524.54,530.15,523.38,529.03,242205
WIPRO,2026-09-07,11:15,529.03,532.50,528.25,531.88,130296
WIPRO,2026-09-07,11:45,531.88,531.98,529.03,529.14,228416
WIPRO,2026-09-07,12:15,529.14,536.18,528.80,533.57,441302
WIPRO,2026-09-07,12:45,533.57,539.14,533.28,538.47,458413
WIPRO,2026-09-07,13:15,538.47,541.33,536.80,540.37,288496
WIPRO,2026-09-07,13:45,540.37,541.70,536.15,538.10,149470
WIPRO,2026-09-07,14:15,538.10,538.92,536.18,538.76,156586
WIPRO,2026-09-07,14:45,538.76,543.83,536.19,542.83,320508
WIPRO,2026-09-07,15:15,542.83,544.15,538.45,540.32,278762
RELIANCE,2026-09-08,09:15,1450.00,1467.20,1448.58,1460.69,295644
RELIANCE,2026-09-08,09:45,1460.69,1461.79,1442.04,1446.71,294405
RELIANCE,2026-09-08,10:15,1446.71,1450.29,1440.55,1445.71,99341
RELIANCE,2026-09-08,10:45,1445.71,1458.82,1438.69,1458.41,420281
RELIANCE,2026-09-08,11:15,1458.41,1469.72,1457.78,1467.06,374554
RELIANCE,2026-09-08,11:45,1467.06,1473.75,1460.42,1466.97,267933
RELIANCE,2026-09-08,12:15,1466.97,1474.05,1452.61,1456.66,444130
RELIANCE,2026-09-08,12:45,1456.66,1460.43,1455.19,1459.67,159793
RELIANCE,2026-09-08,13:15,1459.67,1461.18,1453.40,1456.85,137759
RELIANCE,2026-09-08,13:45,1456.85,1457.70,1449.47,1449.92,254598
RELIANCE,2026-09-08,14:15,1449.92,1454.44,1448.72,1451.55,492600
RELIANCE,2026-09-08,14:45,1451.55,1458.21,1444.43,1447.91,258162
RELIANCE,2026-09-08,15:15,1447.91,1457.14,1444.08,1456.27,440816
TCS,2026-09-08,09:15,3200.00,3207.71,3188.11,3191.16,314268
TCS,2026-09-08,09:45,3191.16,3219.21,3175.99,3215.90,283362
TCS,2026-09-08,10:15,3215.90,3232.37,3210.68,3218.51,207716
TCS,2026-09-08,10:45,3218.51,3261.64,3204.05,3246.97,91209
TCS,2026-09-08,11:15,3246.97,3253.54,3207.89,3214.76,307102
TCS,2026-09-08,11:45,3214.76,3249.25,3204.10,3237.15,97606
TCS,2026-09-08,12:15,3237.15,3251.71,3218.90,3230.56,341821
TCS,2026-09-08,12:45,3230.56,3245.38,3212.34,3221.35,150721
TCS,2026-09-08,13:15,3221.35,3226.80,3203.71,3214.31,253911
TCS,2026-09-08,13:45,3214.31,3230.18,3207.31,3223.37,429581
TCS,2026-09-08,14:15,3223.37,3239.09,3207.77,3229.39,343051
TCS,2026-09-08,14:45,3229.39,3250.57,3215.77,3248.82,317860
TCS,2026-09-08,15:15,3248.82,3258.82,3218.95,3232.71,136159
INFY,2026-09-08,09:15,1550.00,1552.28,1533.74,1538.93,335791
INFY,2026-09-08,09:45,1538.93,1553.17,1537.35,1548.02,325160
INFY,2026-09-08,10:15,1548.02,1564.26,1542.54,1562.98,459041
INFY,2026-09-08,10:45,1562.98,1570.06,1550.80,1555.05,285740
INFY,2026-09-08,11:15,1555.05,1560.76,1547.31,1556.22,304206
INFY,2026-09-08,11:45,1556.22,1560.86,1545.62,1551.44,166324
INFY,2026-09-08,12:15,1551.44,1567.19,1549.63,1566.94,303760
INFY,2026-09-08,12:45,1566.94,1573.87,1561.31,1569.41,490602
INFY,2026-09-08,13:15,1569.41,1577.08,1551.54,1559.11,369265
INFY,2026-09-08,13:45,1559.11,1562.60,1544.42,1544.44,373397
INFY,2026-09-08,14:15,1544.44,1558.76,1543.65,1556.75,393217
INFY,2026-09-08,14:45,1556.75,1560.37,1553.40,1554.07,473751
INFY,2026-09-08,15:15,1554.07,1560.99,1541.72,1544.99,226142
HDFCBANK,2026-09-08,09:15,1750.00,1770.91,1744.45,1765.63,228505
HDFCBANK,2026-09-08,09:45,1765.63,1772.59,1755.55,1763.78,392248
HDFCBANK,2026-09-08,10:15,1763.78,1770.62,1757.90,1764.08,58826
HDFCBANK,2026-09-08,10:45,1764.08,1770.68,1760.21,1766.32,364420
HDFCBANK,2026-09-08,11:15,1766.32,1771.60,1748.09,1749.69,165402
HDFCBANK,2026-09-08,11:45,1749.69,1756.94,1736.41,1741.25,211389
HDFCBANK,2026-09-08,12:15,1741.25,1744.27,1726.18,1732.48,405343
HDFCBANK,2026-09-08,12:45,1732.48,1748.21,1726.85,1741.16,135365
HDFCBANK,2026-09-08,13:15,1741.16,1748.51,1720.43,1725.60,360294
HDFCBANK,2026-09-08,13:45,1725.60,1729.21,1710.19,1713.84,389770
HDFCBANK,2026-09-08,14:15,1713.84,1719.18,1713.46,1714.86,342270
HDFCBANK,2026-09-08,14:45,1714.86,1735.18,1714.26,1728.43,51046
HDFCBANK,2026-09-08,15:15,1728.43,1742.99,1723.48,1736.73,149010
ICICIBANK,2026-09-08,09:15,1350.00,1356.75,1336.74,1337.53,109894
ICICIBANK,2026-09-08,09:45,1337.53,1341.51,1324.45,1329.76,387747
ICICIBANK,2026-09-08,10:15,1329.76,1335.98,1324.63,1330.20,471535
ICICIBANK,2026-09-08,10:45,1330.20,1336.45,1323.60,1329.88,484048
ICICIBANK,2026-09-08,11:15,1329.88,1335.49,1324.51,1325.29,242934
ICICIBANK,2026-09-08,11:45,1325.29,1329.78,1323.07,1326.99,64890
ICICIBANK,2026-09-08,12:15,1326.99,1330.95,1318.02,1319.59,393770
ICICIBANK,2026-09-08,12:45,1319.59,1328.99,1314.20,1326.93,401982
ICICIBANK,2026-09-08,13:15,1326.93,1327.36,1324.84,1326.81,187095
ICICIBANK,2026-09-08,13:45,1326.81,1341.38,1320.27,1338.41,221503
ICICIBANK,2026-09-08,14:15,1338.41,1344.37,1331.56,1337.64,315363
ICICIBANK,2026-09-08,14:45,1337.64,1338.25,1331.24,1335.79,409645
ICICIBANK,2026-09-08,15:15,1335.79,1341.15,1335.38,1337.91,364621
SBIN,2026-09-08,09:15,850.00,852.74,846.95,847.75,101702
SBIN,2026-09-08,09:45,847.75,850.64,843.03,846.57,326500
SBIN,2026-09-08,10:15,846.57,852.77,846.36,851.76,175453
SBIN,2026-09-08,10:45,851.76,856.84,851.39,853.20,281107
SBIN,2026-09-08,11:15,853.20,861.48,849.73,860.45,55766
SBIN,2026-09-08,11:45,860.45,863.29,859.86,862.95,414287
SBIN,2026-09-08,12:15,862.95,870.92,862.69,866.98,394625
SBIN,2026-09-08,12:45,866.98,875.58,865.50,873.62,430053
SBIN,2026-09-08,13:15,873.62,874.36,871.09,873.04,364584
SBIN,2026-09-08,13:45,873.04,875.57,862.86,866.77,53848
SBIN,2026-09-08,14:15,866.77,867.55,855.80,859.59,385948
SBIN,2026-09-08,14:45,859.59,865.27,855.41,863.75,433872
SBIN,2026-09-08,15:15,863.75,867.89,862.88,866.66,214126
ITC,2026-09-08,09:15,500.00,501.92,495.66,495.89,220159
ITC,2026-09-08,09:45,495.89,501.88,494.93,500.69,316672
ITC,2026-09-08,10:15,500.69,503.13,495.94,496.37,127553
ITC,2026-09-08,10:45,496.37,503.16,495.20,501.20,216748
ITC,2026-09-08,11:15,501.20,501.86,498.75,500.84,296111
ITC,2026-09-08,11:45,500.84,503.05,500.28,500.58,208142
ITC,2026-09-08,12:15,500.58,502.91,498.55,500.97,326629
ITC,2026-09-08,12:45,500.97,501.72,500.59,501.46,435463
ITC,2026-09-08,13:15,501.46,502.52,498.14,498.29,62543
ITC,2026-09-08,13:45,498.29,503.00,496.24,502.60,396950
ITC,2026-09-08,14:15,502.60,506.19,502.16,504.34,80890
ITC,2026-09-08,14:45,504.34,508.20,502.42,507.59,222969
ITC,2026-09-08,15:15,507.59,508.47,502.17,503.04,124923
LT,2026-09-08,09:15,3600.00,3610.74,3596.81,3610.02,434741
LT,2026-09-08,09:45,3610.02,3657.76,3598.77,3645.60,476690
LT,2026-09-08,10:15,3645.60,3664.37,3639.29,3659.65,425909
LT,2026-09-08,10:45,3659.65,3680.13,3653.05,3676.13,371118
LT,2026-09-08,11:15,3676.13,3684.29,3660.21,3676.71,261116
LT,2026-09-08,11:45,3676.71,3705.60,3668.10,3691.48,111772
LT,2026-09-08,12:15,3691.48,3693.20,3683.50,3686.14,81272
LT,2026-09-08,12:45,3686.14,3718.16,3684.39,3715.40,181064
LT,2026-09-08,13:15,3715.40,3731.56,3674.82,3680.72,134169
LT,2026-09-08,13:45,3680.72,3685.85,3665.29,3676.40,289595
LT,2026-09-08,14:15,3676.40,3718.74,3666.34,3707.35,169405
LT,2026-09-08,14:45,3707.35,3727.80,3698.27,3721.61,455507
LT,2026-09-08,15:15,3721.61,3754.61,3710.95,3749.60,352453
BHARTIARTL,2026-09-08,09:15,1850.00,1854.59,1839.90,1843.10,51557
BHARTIARTL,2026-09-08,09:45,1843.10,1846.22,1826.61,1835.17,274175
BHARTIARTL,2026-09-08,10:15,1835.17,1840.34,1830.14,1836.78,234782
BHARTIARTL,2026-09-08,10:45,1836.78,1839.41,1823.19,1830.98,239146
BHARTIARTL,2026-09-08,11:15,1830.98,1835.24,1812.71,1816.46,423863
BHARTIARTL,2026-09-08,11:45,1816.46,1834.92,1811.85,1828.20,116235
BHARTIARTL,2026-09-08,12:15,1828.20,1835.57,1816.46,1820.50,253140
BHARTIARTL,2026-09-08,12:45,1820.50,1837.52,1814.48,1831.26,116090
BHARTIARTL,2026-09-08,13:15,1831.26,1836.49,1822.28,1823.89,429389
BHARTIARTL,2026-09-08,13:45,1823.89,1827.46,1808.55,1817.13,447455
BHARTIARTL,2026-09-08,14:15,1817.13,1825.57,1797.89,1799.55,148703
BHARTIARTL,2026-09-08,14:45,1799.55,1804.75,1797.94,1801.62,191698
BHARTIARTL,2026-09-08,15:15,1801.62,1807.76,1782.92,1785.12,232734
WIPRO,2026-09-08,09:15,520.00,524.26,518.97,522.01,163418
WIPRO,2026-09-08,09:45,522.01,524.79,521.22,524.26,484272
WIPRO,2026-09-08,10:15,524.26,527.01,523.34,525.45,249779
WIPRO,2026-09-08,10:45,525.45,526.70,523.35,523.61,245581
WIPRO,2026-09-08,11:15,523.61,525.47,523.31,524.69,87745
WIPRO,2026-09-08,11:45,524.69,529.49,522.61,527.11,68159
WIPRO,2026-09-08,12:15,527.11,530.90,525.40,528.67,59696
WIPRO,2026-09-08,12:45,528.67,529.86,522.93,524.44,141905
WIPRO,2026-09-08,13:15,524.44,528.27,522.32,525.86,179127
WIPRO,2026-09-08,13:45,525.86,531.91,525.71,530.51,110236
WIPRO,2026-09-08,14:15,530.51,531.69,524.74,527.28,476983
WIPRO,2026-09-08,14:45,527.28,531.64,526.13,530.99,428886
WIPRO,2026-09-08,15:15,530.99,533.03,524.37,526.91,280028
RELIANCE,2026-09-09,09:15,1450.00,1453.03,1438.55,1440.88,259615
RELIANCE,2026-09-09,09:45,1440.88,1447.65,1438.16,1446.62,200516
RELIANCE,2026-09-09,10:15,1446.62,1447.76,1430.92,1434.62,368733
RELIANCE,2026-09-09,10:45,1434.62,1452.02,1432.17,1448.09,283520
RELIANCE,2026-09-09,11:15,1448.09,1452.79,1430.18,1436.15,86513
RELIANCE,2026-09-09,11:45,1436.15,1449.66,1431.45,1446.79,464302
RELIANCE,2026-09-09,12:15,1446.79,1451.33,1430.51,1435.86,441407
RELIANCE,2026-09-09,12:45,1435.86,1439.17,1424.60,1427.14,362510
RELIANCE,2026-09-09,13:15,1427.14,1433.27,1426.87,1428.57,486618
RELIANCE,2026-09-09,13:45,1428.57,1437.14,1426.36,1434.93,389180
RELIANCE,2026-09-09,14:15,1434.93,1441.61,1431.17,1433.07,272515
RELIANCE,2026-09-09,14:45,1433.07,1435.02,1429.94,1431.53,362988
RELIANCE,2026-09-09,15:15,1431.53,1433.31,1412.42,1418.72,275501
TCS,2026-09-09,09:15,3200.00,3204.87,3185.57,3192.99,323739
TCS,2026-09-09,09:45,3192.99,3202.88,3163.23,3175.77,80713
TCS,2026-09-09,10:15,3175.77,3179.47,3149.32,3161.80,324618
TCS,2026-09-09,10:45,3161.80,3170.34,3122.75,3133.18,337313
TCS,2026-09-09,11:15,3133.18,3139.38,3110.03,3115.62,261004
TCS,2026-09-09,11:45,3115.62,3126.57,3089.80,3094.47,429837
TCS,2026-09-09,12:15,3094.47,3098.41,3082.54,3084.18,297660
TCS,2026-09-09,12:45,3084.18,3124.90,3077.06,3113.03,467118
TCS,2026-09-09,13:15,3113.03,3137.76,3103.82,3132.94,142340
TCS,2026-09-09,13:45,3132.94,3145.46,3124.21,3145.02,356464
TCS,2026-09-09,14:15,3145.02,3158.07,3135.87,3141.09,146896
TCS,2026-09-09,14:45,3141.09,3173.85,3133.32,3171.57,468512
TCS,2026-09-09,15:15,3171.57,3179.80,3146.57,3149.62,353072
INFY,2026-09-09,09:15,1550.00,1551.87,1538.59,1541.34,398897
INFY,2026-09-09,09:45,1541.34,1558.37,1535.91,1556.06,133729
INFY,2026-09-09,10:15,1556.06,1556.21,1537.70,1542.81,471392
INFY,2026-09-09,10:45,1542.81,1557.33,1540.60,1557.09,251197
INFY,2026-09-09,11:15,1557.09,1572.40,1549.81,1564.69,53500
INFY,2026-09-09,11:45,1564.69,1572.09,1563.84,1567.44,419730
INFY,2026-09-09,12:15,1567.44,1570.96,1553.69,1557.03,472309
INFY,2026-09-09,12:45,1557.03,1558.45,1551.86,1553.81,111938
INFY,2026-09-09,13:15,1553.81,1571.16,1548.31,1565.54,446676
INFY,2026-09-09,13:45,1565.54,1578.68,1561.79,1573.13,439120
INFY,2026-09-09,14:15,1573.13,1581.08,1572.57,1574.47,66138
INFY,2026-09-09,14:45,1574.47,1578.45,1556.94,1564.11,179616
INFY,2026-09-09,15:15,1564.11,1566.64,1550.85,1553.89,192783
HDFCBANK,2026-09-09,09:15,1750.00,1756.59,1726.03,1732.52,339960
HDFCBANK,2026-09-09,09:45,1732.52,1745.33,1729.05,1744.78,354275
HDFCBANK,2026-09-09,10:15,1744.78,1759.58,1737.23,1754.98,380096
HDFCBANK,2026-09-09,10:45,1754.98,1756.27,1745.20,1750.49,181275
HDFCBANK,2026-09-09,11:15,1750.49,1754.80,1734.79,1736.46,294243
HDFCBANK,2026-09-09,11:45,1736.46,1738.82,1720.00,1721.45,191333
HDFCBANK,2026-09-09,12:15,1721.45,1734.71,1720.46,1733.32,192703
HDFCBANK,2026-09-09,12:45,1733.32,1750.00,1725.84,1749.57,228002
HDFCBANK,2026-09-09,13:15,1749.57,1754.93,1738.04,1744.86,232827
HDFCBANK,2026-09-09,13:45,1744.86,1752.56,1739.00,1749.73,191384
HDFCBANK,2026-09-09,14:15,1749.73,1769.45,1742.74,1762.66,244388
HDFCBANK,2026-09-09,14:45,1762.66,1770.02,1755.09,1762.09,233602
HDFCBANK,2026-09-09,15:15,1762.09,1776.03,1753.33,1773.16,429913
ICICIBANK,2026-09-09,09:15,1350.00,1357.78,1343.61,1356.05,475729
ICICIBANK,2026-09-09,09:45,1356.05,1368.75,1352.88,1364.83,375128
ICICIBANK,2026-09-09,10:15,1364.83,1366.85,1358.09,1366.45,493320
ICICIBANK,2026-09-09,10:45,1366.45,1367.16,1356.08,1358.63,407533
ICICIBANK,2026-09-09,11:15,1358.63,1373.10,1353.56,1367.41,310108
ICICIBANK,2026-09-09,11:45,1367.41,1380.68,1366.31,1378.47,455466
ICICIBANK,2026-09-09,12:15,1378.47,1384.99,1377.23,1382.30,357765
ICICIBANK,2026-09-09,12:45,1382.30,1389.12,1372.53,1377.44,342730
ICICIBANK,2026-09-09,13:15,1377.44,1383.80,1361.82,1368.06,439535
ICICIBANK,2026-09-09,13:45,1368.06,1373.12,1362.57,1369.11,329132
ICICIBANK,2026-09-09,14:15,1369.11,1380.01,1366.15,1379.27,453227
ICICIBANK,2026-09-09,14:45,1379.27,1385.01,1376.07,1376.35,255547
ICICIBANK,2026-09-09,15:15,1376.35,1378.36,1373.01,1377.57,75266
SBIN,2026-09-09,09:15,850.00,856.59,848.37,854.59,134786
SBIN,2026-09-09,09:45,854.59,858.78,851.30,855.11,489650
SBIN,2026-09-09,10:15,855.11,858.93,846.12,848.19,330180
SBIN,2026-09-09,10:45,848.19,853.59,846.47,852.13,436610
SBIN,2026-09-09,11:15,852.13,855.93,850.76,854.78,381644
SBIN,2026-09-09,11:45,854.78,859.01,851.24,856.50,77756
SBIN,2026-09-09,12:15,856.50,863.05,852.57,861.76,91871
SBIN,2026-09-09,12:45,861.76,872.70,859.09,868.73,443082
SBIN,2026-09-09,13:15,868.73,879.07,864.92,875.01,162620
SBIN,2026-09-09,13:45,875.01,877.46,865.16,868.40,177741
SBIN,2026-09-09,14:15,868.40,878.06,865.46,875.16,228018
SBIN,2026-09-09,14:45,875.16,878.19,867.17,870.84,280969
SBIN,2026-09-09,15:15,870.84,878.52,867.97,874.54,468059
ITC,2026-09-09,09:15,500.00,503.19,498.36,502.33,183405
ITC,2026-09-09,09:45,502.33,504.43,498.72,499.30,368992
ITC,2026-09-09,10:15,499.30,500.53,493.46,494.98,207134
ITC,2026-09-09,10:45,494.98,496.31,491.57,492.53,347724
ITC,2026-09-09,11:15,492.53,494.66,486.57,488.34,74766
ITC,2026-09-09,11:45,488.34,491.12,485.91,489.16,59085
ITC,2026-09-09,12:15,489.16,489.61,486.87,487.41,131072
ITC,2026-09-09,12:45,487.41,493.47,486.61,491.15,82376
ITC,2026-09-09,13:15,491.15,494.95,489.41,494.57,326243
ITC,2026-09-09,13:45,494.57,494.61,491.49,493.55,458211
ITC,2026-09-09,14:15,493.55,495.85,490.83,492.93,483054
ITC,2026-09-09,14:45,492.93,496.18,491.53,496.09,484607
ITC,2026-09-09,15:15,496.09,498.14,494.71,496.95,375575
LT,2026-09-09,09:15,3600.00,3645.52,3598.99,3633.00,439887
LT,2026-09-09,09:45,3633.00,3665.84,3621.61,3650.88,408320
LT,2026-09-09,10:15,3650.88,3674.37,3638.22,3674.15,459936
LT,2026-09-09,10:45,3674.15,3725.70,3660.37,3708.97,435292
LT,2026-09-09,11:15,3708.97,3710.79,3676.37,3678.43,379910
LT,2026-09-09,11:45,3678.43,3691.56,3658.80,3671.19,79766
LT,2026-09-09,12:15,3671.19,3709.27,3656.10,3703.00,275607
LT,2026-09-09,12:45,3703.00,3715.72,3699.23,3714.90,473747
LT,2026-09-09,13:15,3714.90,3738.05,3697.35,3729.59,56654
LT,2026-09-09,13:45,3729.59,3740.42,3714.03,3728.00,154593
LT,2026-09-09,14:15,3728.00,3768.66,3709.70,3757.99,128625
LT,2026-09-09,14:45,3757.99,3795.04,3748.07,3794.04,250255
LT,2026-09-09,15:15,3794.04,3799.21,3778.36,3797.30,494111
BHARTIARTL,2026-09-09,09:15,1850.00,1851.84,1836.28,1839.49,166126
BHARTIARTL,2026-09-09,09:45,1839.49,1839.74,1817.99,1821.69,341942
BHARTIARTL,2026-09-09,10:15,1821.69,1833.47,1817.63,1832.88,375026
BHARTIARTL,2026-09-09,10:45,1832.88,1849.66,1831.49,1849.65,175744
BHARTIARTL,2026-09-09,11:15,1849.65,1854.00,1834.47,1837.24,210397
BHARTIARTL,2026-09-09,11:45,1837.24,1850.52,1829.75,1848.95,364246
BHARTIARTL,2026-09-09,12:15,1848.95,1865.51,1841.85,1860.17,394381
BHARTIARTL,2026-09-09,12:45,1860.17,1868.28,1851.89,1866.02,184610
BHARTIARTL,2026-09-09,13:15,1866.02,1888.22,1856.98,1879.65,419336
BHARTIARTL,2026-09-09,13:45,1879.65,1885.21,1860.18,1867.26,336381
BHARTIARTL,2026-09-09,14:15,1867.26,1884.98,1860.44,1884.23,376455
BHARTIARTL,2026-09-09,14:45,1884.23,1891.47,1878.10,1888.40,492058
BHARTIARTL,2026-09-09,15:15,1888.40,1891.55,1878.24,1881.59,320365
WIPRO,2026-09-09,09:15,520.00,520.72,515.33,517.33,183972
WIPRO,2026-09-09,09:45,517.33,517.97,513.82,516.02,368092
WIPRO,2026-09-09,10:15,516.02,520.85,513.83,520.73,339251
WIPRO,2026-09-09,10:45,520.73,523.21,514.98,515.61,447064
WIPRO,2026-09-09,11:15,515.61,517.34,514.47,515.12,250013
WIPRO,2026-09-09,11:45,515.12,521.45,514.00,519.28,346868
WIPRO,2026-09-09,12:15,519.28,525.67,519.15,523.86,82898
WIPRO,2026-09-09,12:45,523.86,526.30,520.06,520.36,199306
WIPRO,2026-09-09,13:15,520.36,520.62,517.14,517.28,244502
WIPRO,2026-09-09,13:45,517.28,519.81,510.35,512.25,162968
WIPRO,2026-09-09,14:15,512.25,513.25,506.61,507.33,324991
WIPRO,2026-09-09,14:45,507.33,513.99,506.25,511.93,382301
WIPRO,2026-09-09,15:15,511.93,514.28,506.29,507.04,470347
RELIANCE,2026-09-10,09:15,1450.00,1458.52,1449.68,1453.33,124144
RELIANCE,2026-09-10,09:45,1453.33,1459.31,1439.81,1443.64,323744
RELIANCE,2026-09-10,10:15,1443.64,1450.76,1441.20,1444.28,257594
RELIANCE,2026-09-10,10:45,1444.28,1457.54,1438.38,1450.55,376166
RELIANCE,2026-09-10,11:15,1450.55,1457.06,1447.14,1447.97,336601
RELIANCE,2026-09-10,11:45,1447.97,1449.21,1432.06,1435.80,242874
RELIANCE,2026-09-10,12:15,1435.80,1448.81,1432.51,1448.38,67181
RELIANCE,2026-09-10,12:45,1448.38,1458.21,1446.28,1455.83,352257
RELIANCE,2026-09-10,13:15,1455.83,1461.91,1448.29,1449.24,125847
RELIANCE,2026-09-10,13:45,1449.24,1455.44,1442.61,1446.75,183641
RELIANCE,2026-09-10,14:15,1446.75,1454.96,1444.68,1450.96,197610
RELIANCE,2026-09-10,14:45,1450.96,1453.10,1434.98,1436.91,451497
RELIANCE,2026-09-10,15:15,1436.91,1450.97,1430.62,1444.99,423323
TCS,2026-09-10,09:15,3200.00,3210.66,3169.63,3171.32,62965
TCS,2026-09-10,09:45,3171.32,3182.47,3159.95,3171.69,75035
TCS,2026-09-10,10:15,3171.69,3179.57,3147.68,3159.71,376511
TCS,2026-09-10,10:45,3159.71,3161.92,3132.51,3147.63,145826
TCS,2026-09-10,11:15,3147.63,3155.27,3120.14,3126.14,242139
TCS,2026-09-10,11:45,3126.14,3135.84,3105.98,3108.53,473552
TCS,2026-09-10,12:15,3108.53,3122.17,3087.25,3092.69,103514
TCS,2026-09-10,12:45,3092.69,3103.88,3088.01,3099.89,156486
TCS,2026-09-10,13:15,3099.89,3105.65,3075.32,3082.77,300705
TCS,2026-09-10,13:45,3082.77,3095.50,3049.06,3061.78,253196
TCS,2026-09-10,14:15,3061.78,3063.33,3037.14,3047.87,108217
TCS,2026-09-10,14:45,3047.87,3064.01,3035.20,3050.61,133286
TCS,2026-09-10,15:15,3050.61,3057.15,3017.20,3024.42,361603
INFY,2026-09-10,09:15,1550.00,1550.03,1539.09,1543.48,485244
INFY,2026-09-10,09:45,1543.48,1548.81,1534.92,1540.41,496849
INFY,2026-09-10,10:15,1540.41,1544.78,1523.57,1525.61,385962
INFY,2026-09-10,10:45,1525.61,1526.45,1524.73,1525.50,210558
INFY,2026-09-10,11:15,1525.50,1532.62,1521.70,1529.22,398588
INFY,2026-09-10,11:45,1529.22,1541.55,1521.70,1539.44,230706
INFY,2026-09-10,12:15,1539.44,1544.67,1536.14,1544.55,405681
INFY,2026-09-10,12:45,1544.55,1551.26,1525.97,1533.37,114803
INFY,2026-09-10,13:15,1533.37,1546.70,1532.90,1540.78,361438
INFY,2026-09-10,13:45,1540.78,1546.18,1525.69,1525.87,252477
INFY,2026-09-10,14:15,1525.87,1525.89,1506.25,1513.60,337946
INFY,2026-09-10,14:45,1513.60,1518.49,1501.58,1503.63,241033
INFY,2026-09-10,15:15,1503.63,1510.90,1501.07,1509.68,325078
HDFCBANK,2026-09-10,09:15,1750.00,1754.41,1743.51,1746.04,152492
HDFCBANK,2026-09-10,09:45,1746.04,1748.49,1733.27,1741.69,92226
HDFCBANK,2026-09-10,10:15,1741.69,1743.10,1731.83,1738.01,235600
HDFCBANK,2026-09-10,10:45,1738.01,1741.20,1735.25,1736.14,367578
HDFCBANK,2026-09-10,11:15,1736.14,1742.73,1728.52,1737.70,303874
HDFCBANK,2026-09-10,11:45,1737.70,1740.26,1715.38,1720.38,315847
HDFCBANK,2026-09-10,12:15,1720.38,1722.79,1705.69,1707.88,472844
HDFCBANK,2026-09-10,12:45,1707.88,1714.49,1697.25,1703.50,475377
HDFCBANK,2026-09-10,13:15,1703.50,1714.16,1698.27,1711.36,170839
HDFCBANK,2026-09-10,13:45,1711.36,1721.96,1702.80,1719.83,449739
HDFCBANK,2026-09-10,14:15,1719.83,1733.51,1712.76,1732.67,103866
HDFCBANK,2026-09-10,14:45,1732.67,1740.57,1719.00,1719.88,215419
HDFCBANK,2026-09-10,15:15,1719.88,1724.09,1712.65,1719.21,474526
ICICIBANK,2026-09-10,09:15,1350.00,1354.93,1330.30,1336.91,432690
ICICIBANK,2026-09-10,09:45,1336.91,1341.74,1331.06,1333.44,178182
ICICIBANK,2026-09-10,10:15,1333.44,1338.95,1329.67,1335.59,401778
ICICIBANK,2026-09-10,10:45,1335.59,1344.01,1333.71,1343.48,267344
ICICIBANK,2026-09-10,11:15,1343.48,1347.57,1333.39,1334.97,310374
ICICIBANK,2026-09-10,11:45,1334.97,1338.12,1328.92,1332.13,284173
ICICIBANK,2026-09-10,12:15,1332.13,1334.28,1325.71,1326.66,176290
ICICIBANK,2026-09-10,12:45,1326.66,1332.30,1323.90,1328.40,309112
ICICIBANK,2026-09-10,13:15,1328.40,1332.96,1320.91,1326.62,66338
ICICIBANK,2026-09-10,13:45,1326.62,1340.13,1322.95,1334.96,113901
ICICIBANK,2026-09-10,14:15,1334.96,1345.28,1332.63,1342.04,497784
ICICIBANK,2026-09-10,14:45,1342.04,1357.77,1340.80,1353.79,285365
ICICIBANK,2026-09-10,15:15,1353.79,1355.68,1342.15,1347.41,228526
SBIN,2026-09-10,09:15,850.00,857.28,846.36,854.26,57626
SBIN,2026-09-10,09:45,854.26,856.29,847.37,847.37,398902
SBIN,2026-09-10,10:15,847.37,850.41,846.32,849.72,124112
SBIN,2026-09-10,10:45,849.72,851.25,846.44,849.38,364221
SBIN,2026-09-10,11:15,849.38,855.92,847.30,852.01,255561
SBIN,2026-09-10,11:45,852.01,856.16,848.23,853.29,302719
SBIN,2026-09-10,12:15,853.29,857.31,844.34,845.35,498192
SBIN,2026-09-10,12:45,845.35,849.34,841.33,842.57,422646
SBIN,2026-09-10,13:15,842.57,842.70,840.75,842.61,448225
SBIN,2026-09-10,13:45,842.61,846.10,841.32,841.53,132826
SBIN,2026-09-10,14:15,841.53,849.15,837.87,845.77,255555
SBIN,2026-09-10,14:45,845.77,847.47,839.09,841.27,186202
SBIN,2026-09-10,15:15,841.27,844.55,832.04,833.67,472343
ITC,2026-09-10,09:15,500.00,501.37,497.01,499.31,425992
ITC,2026-09-10,09:45,499.31,500.15,498.17,498.18,337309
ITC,2026-09-10,10:15,498.18,499.26,495.80,498.86,118514
ITC,2026-09-10,10:45,498.86,500.40,497.38,498.91,125342
ITC,2026-09-10,11:15,498.91,499.62,495.19,495.70,447500
ITC,2026-09-10,11:45,495.70,497.74,494.55,495.47,438169
ITC,2026-09-10,12:15,495.47,495.64,490.68,490.89,104915
ITC,2026-09-10,12:45,490.89,495.10,489.23,494.01,270401
ITC,2026-09-10,13:15,494.01,498.77,492.28,498.14,226097
ITC,2026-09-10,13:45,498.14,498.89,496.65,497.87,317341
ITC,2026-09-10,14:15,497.87,502.91,496.98,500.99,326543
ITC,2026-09-10,14:45,500.99,503.35,498.45,499.86,271236
ITC,2026-09-10,15:15,499.86,500.86,496.24,496.93,456264
LT,2026-09-10,09:15,3600.00,3627.28,3594.58,3625.23,189013
LT,2026-09-10,09:45,3625.23,3629.88,3574.80,3590.24,277361
LT,2026-09-10,10:15,3590.24,3618.35,3577.23,3608.39,488492
LT,2026-09-10,10:45,3608.39,3625.11,3566.81,3575.16,455666
LT,2026-09-10,11:15,3575.16,3589.21,3562.00,3581.83,197108
LT,2026-09-10,11:45,3581.83,3596.47,3554.98,3571.59,261673
LT,2026-09-10,12:15,3571.59,3584.98,3542.94,3551.52,191744
LT,2026-09-10,12:45,3551.52,3559.17,3540.26,3553.17,234660
LT,2026-09-10,13:15,3553.17,3566.79,3541.29,3554.55,214963
LT,2026-09-10,13:45,3554.55,3556.53,3518.04,3528.20,227810
LT,2026-09-10,14:15,3528.20,3538.75,3526.50,3534.73,189529
LT,2026-09-10,14:45,3534.73,3541.00,3520.00,3532.87,73113
LT,2026-09-10,15:15,3532.87,3567.77,3518.38,3559.91,397905
BHARTIARTL,2026-09-10,09:15,1850.00,1854.36,1831.73,1834.03,249814
BHARTIARTL,2026-09-10,09:45,1834.03,1835.30,1816.42,1818.85,56155
BHARTIARTL,2026-09-10,10:15,1818.85,1836.87,1814.20,1834.98,451587
BHARTIARTL,2026-09-10,10:45,1834.98,1850.84,1827.96,1841.81,75760
BHARTIARTL,2026-09-10,11:15,1841.81,1847.10,1826.59,1830.37,443602
BHARTIARTL,2026-09-10,11:45,1830.37,1837.67,1821.46,1822.58,469608
BHARTIARTL,2026-09-10,12:15,1822.58,1829.98,1818.02,1820.27,255872
BHARTIARTL,2026-09-10,12:45,1820.27,1829.20,1814.66,1824.93,492868
BHARTIARTL,2026-09-10,13:15,1824.93,1837.07,1822.71,1833.31,152667
BHARTIARTL,2026-09-10,13:45,1833.31,1834.90,1821.51,1824.40,275084
BHARTIARTL,2026-09-10,14:15,1824.40,1827.14,1821.66,1822.40,412009
BHARTIARTL,2026-09-10,14:45,1822.40,1831.15,1815.70,1823.07,395563
BHARTIARTL,2026-09-10,15:15,1823.07,1825.56,1817.81,1821.73,233654
WIPRO,2026-09-10,09:15,520.00,525.39,518.93,523.44,289923
WIPRO,2026-09-10,09:45,523.44,524.41,521.99,522.87,345170
WIPRO,2026-09-10,10:15,522.87,523.44,518.44,519.55,416760
WIPRO,2026-09-10,10:45,519.55,526.32,518.35,523.89,187406
WIPRO,2026-09-10,11:15,523.89,528.16,523.06,527.11,267984
WIPRO,2026-09-10,11:45,527.11,533.59,525.65,531.59,232073
WIPRO,2026-09-10,12:15,531.59,531.97,526.11,528.53,440243
WIPRO,2026-09-10,12:45,528.53,529.21,527.35,527.96,92544
WIPRO,2026-09-10,13:15,527.96,532.47,526.38,531.92,358190
WIPRO,2026-09-10,13:45,531.92,533.20,529.67,530.78,211346
WIPRO,2026-09-10,14:15,530.78,533.05,529.98,532.65,177574
WIPRO,2026-09-10,14:45,532.65,533.29,531.78,532.14,260015
WIPRO,2026-09-10,15:15,532.14,532.31,528.46,530.99,323424
RELIANCE,2026-09-11,09:15,1450.00,1453.00,1438.84,1438.95,383487
RELIANCE,2026-09-11,09:45,1438.95,1440.50,1426.87,1429.93,58345
RELIANCE,2026-09-11,10:15,1429.93,1447.38,1423.18,1442.03,214071
RELIANCE,2026-09-11,10:45,1442.03,1452.10,1437.96,1448.76,191603
RELIANCE,2026-09-11,11:15,1448.76,1456.75,1443.29,1450.88,107022
RELIANCE,2026-09-11,11:45,1450.88,1454.68,1442.46,1445.20,311371
RELIANCE,2026-09-11,12:15,1445.20,1448.60,1427.53,1433.22,496905
RELIANCE,2026-09-11,12:45,1433.22,1434.16,1419.19,1421.77,183180
RELIANCE,2026-09-11,13:15,1421.77,1428.70,1420.13,1426.92,188320
RELIANCE,2026-09-11,13:45,1426.92,1428.19,1424.51,1427.98,80687
RELIANCE,2026-09-11,14:15,1427.98,1434.63,1418.35,1422.61,351611
RELIANCE,2026-09-11,14:45,1422.61,1426.69,1408.23,1413.42,258497
RELIANCE,2026-09-11,15:15,1413.42,1414.79,1399.46,1401.98,366283
TCS,2026-09-11,09:15,3200.00,3202.58,3170.99,3176.51,87866
TCS,2026-09-11,09:45,3176.51,3185.81,3175.71,3181.53,408045
TCS,2026-09-11,10:15,3181.53,3189.85,3169.50,3172.62,61907
TCS,2026-09-11,10:45,3172.62,3177.80,3162.31,3174.70,348393
TCS,2026-09-11,11:15,3174.70,3211.37,3165.52,3198.47,178936
TCS,2026-09-11,11:45,3198.47,3203.84,3163.08,3173.83,269582
TCS,2026-09-11,12:15,3173.83,3181.57,3158.60,3170.31,406051
TCS,2026-09-11,12:45,3170.31,3183.30,3155.37,3179.26,248293
TCS,2026-09-11,13:15,3179.26,3194.33,3151.05,3161.31,73300
TCS,2026-09-11,13:45,3161.31,3163.36,3150.80,3154.55,384101
TCS,2026-09-11,14:15,3154.55,3161.83,3125.42,3134.29,79109
TCS,2026-09-11,14:45,3134.29,3157.58,3125.14,3155.89,84435
TCS,2026-09-11,15:15,3155.89,3164.40,3133.73,3147.15,97703
INFY,2026-09-11,09:15,1550.00,1561.70,1542.53,1556.67,309039
INFY,2026-09-11,09:45,1556.67,1572.26,1550.16,1566.91,289700
INFY,2026-09-11,10:15,1566.91,1583.35,1564.71,1582.55,173510
INFY,2026-09-11,10:45,1582.55,1588.04,1568.55,1572.79,268647
INFY,2026-09-11,11:15,1572.79,1577.50,1563.81,1564.98,460844
INFY,2026-09-11,11:45,1564.98,1577.14,1558.37,1574.80,377778
INFY,2026-09-11,12:15,1574.80,1574.94,1564.69,1570.71,477978
INFY,2026-09-11,12:45,1570.71,1572.12,1566.99,1571.23,492852
INFY,2026-09-11,13:15,1571.23,1576.14,1549.85,1557.63,75013
INFY,2026-09-11,13:45,1557.63,1570.89,1553.00,1564.19,206350
INFY,2026-09-11,14:15,1564.19,1572.42,1558.58,1572.01,281711
INFY,2026-09-11,14:45,1572.01,1585.69,1565.04,1583.88,94750
INFY,2026-09-11,15:15,1583.88,1586.28,1570.37,1574.92,67767
HDFCBANK,2026-09-11,09:15,1750.00,1754.20,1735.90,1740.22,279667
HDFCBANK,2026-09-11,09:45,1740.22,1745.99,1732.53,1742.02,352332
HDFCBANK,2026-09-11,10:15,1742.02,1747.50,1735.31,1737.34,177393
HDFCBANK,2026-09-11,10:45,1737.34,1743.65,1722.87,1727.14,438987
HDFCBANK,2026-09-11,11:15,1727.14,1740.10,1723.86,1738.46,199627
HDFCBANK,2026-09-11,11:45,1738.46,1747.82,1736.68,1740.48,184302
HDFCBANK,2026-09-11,12:15,1740.48,1742.47,1734.93,1736.59,317965
HDFCBANK,2026-09-11,12:45,1736.59,1745.36,1728.03,1743.33,286011
HDFCBANK,2026-09-11,13:15,1743.33,1752.07,1742.41,1748.98,228809
HDFCBANK,2026-09-11,13:45,1748.98,1753.02,1731.39,1733.97,199971
HDFCBANK,2026-09-11,14:15,1733.97,1754.81,1731.23,1750.85,306989
HDFCBANK,2026-09-11,14:45,1750.85,1758.12,1737.91,1745.37,200970
HDFCBANK,2026-09-11,15:15,1745.37,1748.19,1723.03,1730.22,159883
ICICIBANK,2026-09-11,09:15,1350.00,1353.04,1344.91,1350.30,209162
ICICIBANK,2026-09-11,09:45,1350.30,1350.96,1336.22,1342.30,131219
ICICIBANK,2026-09-11,10:15,1342.30,1358.12,1340.93,1354.22,322674
ICICIBANK,2026-09-11,10:45,1354.22,1366.87,1348.38,1366.24,144995
ICICIBANK,2026-09-11,11:15,1366.24,1371.47,1357.89,1361.50,275386
ICICIBANK,2026-09-11,11:45,1361.50,1366.25,1344.02,1350.35,240316
ICICIBANK,2026-09-11,12:15,1350.35,1354.76,1331.11,1337.16,243774
ICICIBANK,2026-09-11,12:45,1337.16,1338.53,1323.33,1329.08,437249
ICICIBANK,2026-09-11,13:15,1329.08,1330.92,1326.25,1327.73,397933
ICICIBANK,2026-09-11,13:45,1327.73,1334.84,1326.44,1330.66,200326
ICICIBANK,2026-09-11,14:15,1330.66,1332.06,1325.75,1325.90,88461
ICICIBANK,2026-09-11,14:45,1325.90,1335.03,1319.61,1333.28,225864
ICICIBANK,2026-09-11,15:15,1333.28,1346.91,1328.86,1340.81,194023
SBIN,2026-09-11,09:15,850.00,850.34,842.92,844.80,243670
SBIN,2026-09-11,09:45,844.80,846.58,841.20,844.92,133213
SBIN,2026-09-11,10:15,844.92,849.01,837.75,840.21,494035
SBIN,2026-09-11,10:45,840.21,843.75,831.00,834.85,308600
SBIN,2026-09-11,11:15,834.85,841.86,832.90,839.37,397887
SBIN,2026-09-11,11:45,839.37,839.87,835.67,838.93,405356
SBIN,2026-09-11,12:15,838.93,841.07,836.74,838.98,111539
SBIN,2026-09-11,12:45,838.98,842.06,830.88,834.34,391271
SBIN,2026-09-11,13:15,834.34,838.05,825.76,827.85,109733
SBIN,2026-09-11,13:45,827.85,829.85,822.79,824.09,130256
SBIN,2026-09-11,14:15,824.09,830.17,820.53,827.67,387524
SBIN,2026-09-11,14:45,827.67,832.01,826.16,831.20,299446
SBIN,2026-09-11,15:15,831.20,843.20,828.08,839.25,231807
ITC,2026-09-11,09:15,500.00,502.28,495.86,496.11,188421
ITC,2026-09-11,09:45,496.11,498.79,493.93,497.65,101675
ITC,2026-09-11,10:15,497.65,497.95,491.24,493.09,101716
ITC,2026-09-11,10:45,493.09,498.72,493.04,497.70,485294
ITC,2026-09-11,11:15,497.70,497.86,493.60,494.78,418024
ITC,2026-09-11,11:45,494.78,497.85,493.26,496.55,287064
ITC,2026-09-11,12:15,496.55,501.33,495.25,500.36,348671
ITC,2026-09-11,12:45,500.36,501.72,497.10,497.46,419288
ITC,2026-09-11,13:15,497.46,502.43,497.24,499.95,282634
ITC,2026-09-11,13:45,499.95,500.66,496.76,498.96,408061
ITC,2026-09-11,14:15,498.96,499.76,493.78,495.90,240975
ITC,2026-09-11,14:45,495.90,500.95,494.05,500.70,174183
ITC,2026-09-11,15:15,500.70,501.34,497.47,498.48,330020
LT,2026-09-11,09:15,3600.00,3608.86,3580.84,3595.98,105461
LT,2026-09-11,09:45,3595.98,3619.89,3587.67,3611.90,219709
LT,2026-09-11,10:15,3611.90,3645.77,3609.46,3643.01,382264
LT,2026-09-11,10:45,3643.01,3652.55,3596.41,3612.91,213631
LT,2026-09-11,11:15,3612.91,3621.82,3580.96,3592.07,234977
LT,2026-09-11,11:45,3592.07,3608.35,3564.11,3578.99,53234
LT,2026-09-11,12:15,3578.99,3581.41,3549.18,3563.27,58318
LT,2026-09-11,12:45,3563.27,3579.90,3558.20,3575.62,162272
LT,2026-09-11,13:15,3575.62,3605.19,3568.47,3593.33,272505
LT,2026-09-11,13:45,3593.33,3599.86,3559.63,3572.32,429091
LT,2026-09-11,14:15,3572.32,3588.23,3542.72,3549.09,387439
LT,2026-09-11,14:45,3549.09,3564.31,3532.82,3555.16,421382
LT,2026-09-11,15:15,3555.16,3559.79,3545.24,3557.54,183247
BHARTIARTL,2026-09-11,09:15,1850.00,1863.32,1843.39,1856.80,295801
BHARTIARTL,2026-09-11,09:45,1856.80,1864.46,1848.77,1862.77,350715
BHARTIARTL,2026-09-11,10:15,1862.77,1886.06,1855.10,1876.90,269082
BHARTIARTL,2026-09-11,10:45,1876.90,1890.45,1867.83,1884.40,420137
BHARTIARTL,2026-09-11,11:15,1884.40,1892.44,1874.76,1879.20,264405
BHARTIARTL,2026-09-11,11:45,1879.20,1891.47,1870.00,1889.96,457996
BHARTIARTL,2026-09-11,12:15,1889.96,1905.97,1885.90,1904.66,144606
BHARTIARTL,2026-09-11,12:45,1904.66,1911.97,1895.73,1911.88,372877
BHARTIARTL,2026-09-11,13:15,1911.88,1921.40,1902.81,1917.00,242041
BHARTIARTL,2026-09-11,13:45,1917.00,1936.63,1916.18,1931.82,461253
BHARTIARTL,2026-09-11,14:15,1931.82,1936.06,1923.35,1924.44,440146
BHARTIARTL,2026-09-11,14:45,1924.44,1933.60,1907.01,1914.59,223179
BHARTIARTL,2026-09-11,15:15,1914.59,1920.82,1892.57,1901.91,179456
WIPRO,2026-09-11,09:15,520.00,521.24,517.63,520.03,93045
WIPRO,2026-09-11,09:45,520.03,522.42,517.45,521.43,408644
WIPRO,2026-09-11,10:15,521.43,521.45,516.29,516.95,299841
WIPRO,2026-09-11,10:45,516.95,518.66,515.86,516.60,96314
WIPRO,2026-09-11,11:15,516.60,517.82,511.97,513.89,164100
WIPRO,2026-09-11,11:45,513.89,518.48,512.65,516.95,241699
WIPRO,2026-09-11,12:15,516.95,519.26,512.00,513.36,332421
WIPRO,2026-09-11,12:45,513.36,517.16,513.07,517.02,490296
WIPRO,2026-09-11,13:15,517.02,519.52,512.22,513.03,350902
WIPRO,2026-09-11,13:45,513.03,513.71,509.14,510.08,459941
WIPRO,2026-09-11,14:15,510.08,513.19,509.14,511.56,108768
WIPRO,2026-09-11,14:45,511.56,512.98,504.94,507.20,329079
WIPRO,2026-09-11,15:15,507.20,508.93,507.11,508.38,441507
RELIANCE,2026-09-14,09:15,1450.00,1456.12,1444.52,1448.43,262242
RELIANCE,2026-09-14,09:45,1448.43,1457.87,1443.96,1456.97,208027
RELIANCE,2026-09-14,10:15,1456.97,1471.46,1451.51,1470.12,240657
RELIANCE,2026-09-14,10:45,1470.12,1470.52,1454.15,1456.98,253940
RELIANCE,2026-09-14,11:15,1456.98,1463.39,1453.11,1454.54,231658
RELIANCE,2026-09-14,11:45,1454.54,1463.98,1448.04,1462.94,86196
RELIANCE,2026-09-14,12:15,1462.94,1474.26,1457.47,1467.63,472607
RELIANCE,2026-09-14,12:45,1467.63,1473.20,1456.68,1463.47,210094
RELIANCE,2026-09-14,13:15,1463.47,1464.05,1449.34,1453.42,223805
RELIANCE,2026-09-14,13:45,1453.42,1459.59,1451.29,1455.31,199118
RELIANCE,2026-09-14,14:15,1455.31,1471.08,1452.85,1465.32,483927
RELIANCE,2026-09-14,14:45,1465.32,1475.26,1461.12,1470.45,130318
RELIANCE,2026-09-14,15:15,1470.45,1477.69,1469.36,1470.74,404910
TCS,2026-09-14,09:15,3200.00,3205.14,3169.12,3182.54,265281
TCS,2026-09-14,09:45,3182.54,3198.77,3171.36,3186.16,94700
TCS,2026-09-14,10:15,3186.16,3199.22,3157.35,3159.56,284537
TCS,2026-09-14,10:45,3159.56,3181.13,3156.35,3167.11,226866
TCS,2026-09-14,11:15,3167.11,3172.84,3132.25,3140.39,246803
TCS,2026-09-14,11:45,3140.39,3160.53,3127.17,3151.53,257731
TCS,2026-09-14,12:15,3151.53,3164.05,3133.38,3139.53,464952
TCS,2026-09-14,12:45,3139.53,3154.94,3112.39,3122.22,120308
TCS,2026-09-14,13:15,3122.22,3123.86,3109.98,3114.78,240081
TCS,2026-09-14,13:45,3114.78,3131.51,3113.23,3130.50,149228
TCS,2026-09-14,14:15,3130.50,3142.23,3097.19,3102.98,117993
TCS,2026-09-14,14:45,3102.98,3137.60,3102.26,3131.94,131881
TCS,2026-09-14,15:15,3131.94,3141.04,3123.05,3140.62,369928
INFY,2026-09-14,09:15,1550.00,1570.78,1545.03,1565.35,192192
INFY,2026-09-14,09:45,1565.35,1574.14,1558.05,1572.95,196720
INFY,2026-09-14,10:15,1572.95,1586.53,1566.09,1585.10,155427
INFY,2026-09-14,10:45,1585.10,1602.30,1580.30,1598.25,186351
INFY,2026-09-14,11:15,1598.25,1618.98,1591.09,1611.37,332373
INFY,2026-09-14,11:45,1611.37,1615.34,1602.33,1606.04,259474
INFY,2026-09-14,12:15,1606.04,1608.02,1597.05,1604.18,245047
INFY,2026-09-14,12:45,1604.18,1614.76,1596.54,1608.25,143902
INFY,2026-09-14,13:15,1608.25,1613.08,1587.19,1594.75,197764
INFY,2026-09-14,13:45,1594.75,1597.97,1588.31,1594.07,431829
INFY,2026-09-14,14:15,1594.07,1597.42,1580.67,1582.37,246705
INFY,2026-09-14,14:45,1582.37,1588.23,1577.44,1584.00,351869
INFY,2026-09-14,15:15,1584.00,1587.84,1576.08,1582.08,91955
HDFCBANK,2026-09-14,09:15,1750.00,1757.41,1748.24,1756.01,498489
HDFCBANK,2026-09-14,09:45,1756.01,1759.09,1736.44,1740.78,157064
HDFCBANK,2026-09-14,10:15,1740.78,1759.19,1732.30,1755.40,362945
HDFCBANK,2026-09-14,10:45,1755.40,1763.37,1745.96,1752.02,447879
HDFCBANK,2026-09-14,11:15,1752.02,1754.68,1735.10,1740.10,165956
HDFCBANK,2026-09-14,11:45,1740.10,1757.64,1737.19,1752.04,260342
HDFCBANK,2026-09-14,12:15,1752.04,1757.65,1750.44,1752.69,340784
HDFCBANK,2026-09-14,12:45,1752.69,1760.33,1738.26,1738.55,344401
HDFCBANK,2026-09-14,13:15,1738.55,1756.83,1736.59,1754.71,275645
HDFCBANK,2026-09-14,13:45,1754.71,1760.65,1751.09,1753.26,369537
HDFCBANK,2026-09-14,14:15,1753.26,1761.36,1747.59,1758.56,465219
HDFCBANK,2026-09-14,14:45,1758.56,1761.47,1743.88,1752.47,99100
HDFCBANK,2026-09-14,15:15,1752.47,1757.47,1731.93,1737.84,118670
ICICIBANK,2026-09-14,09:15,1350.00,1365.38,1348.72,1362.27,383367
ICICIBANK,2026-09-14,09:45,1362.27,1374.08,1362.12,1369.11,475729
ICICIBANK,2026-09-14,10:15,1369.11,1383.63,1362.88,1380.49,460003
ICICIBANK,2026-09-14,10:45,1380.49,1385.27,1380.32,1382.90,250744
ICICIBANK,2026-09-14,11:15,1382.90,1384.55,1380.97,1383.21,232137
ICICIBANK,2026-09-14,11:45,1383.21,1395.65,1383.03,1391.24,238828
ICICIBANK,2026-09-14,12:15,1391.24,1401.98,1385.40,1398.67,168461
ICICIBANK,2026-09-14,12:45,1398.67,1417.76,1393.08,1412.63,326364
ICICIBANK,2026-09-14,13:15,1412.63,1417.86,1410.72,1415.00,347721
ICICIBANK,2026-09-14,13:45,1415.00,1416.90,1411.84,1414.87,413751
ICICIBANK,2026-09-14,14:15,1414.87,1430.58,1414.29,1426.10,366832
ICICIBANK,2026-09-14,14:45,1426.10,1439.94,1424.57,1439.91,91200
ICICIBANK,2026-09-14,15:15,1439.91,1442.75,1429.73,1435.26,149375
SBIN,2026-09-14,09:15,850.00,852.13,842.29,843.11,404269
SBIN,2026-09-14,09:45,843.11,847.15,836.32,838.48,325902
SBIN,2026-09-14,10:15,838.48,846.30,836.44,846.06,127024
SBIN,2026-09-14,10:45,846.06,848.07,837.50,838.90,165361
SBIN,2026-09-14,11:15,838.90,842.39,834.35,838.36,186831
SBIN,2026-09-14,11:45,838.36,842.53,831.08,832.94,199690
SBIN,2026-09-14,12:15,832.94,835.53,828.28,830.32,481211
SBIN,2026-09-14,12:45,830.32,830.78,821.45,823.87,357821
SBIN,2026-09-14,13:15,823.87,831.15,821.80,827.74,130172
SBIN,2026-09-14,13:45,827.74,831.80,826.78,829.81,392885
SBIN,2026-09-14,14:15,829.81,832.21,824.51,827.56,390004
SBIN,2026-09-14,14:45,827.56,832.46,825.69,829.09,117283
SBIN,2026-09-14,15:15,829.09,829.10,820.30,822.40,277676
ITC,2026-09-14,09:15,500.00,500.02,498.63,499.83,396691
ITC,2026-09-14,09:45,499.83,500.49,494.82,495.91,229713
ITC,2026-09-14,10:15,495.91,501.69,494.12,500.12,83316
ITC,2026-09-14,10:45,500.12,501.30,496.88,499.33,226131
ITC,2026-09-14,11:15,499.33,500.07,497.48,498.86,120495
ITC,2026-09-14,11:45,498.86,501.83,497.80,499.43,181732
ITC,2026-09-14,12:15,499.43,500.82,496.75,497.83,271827
ITC,2026-09-14,12:45,497.83,499.79,496.65,496.85,104180
ITC,2026-09-14,13:15,496.85,498.77,493.93,496.20,427463
ITC,2026-09-14,13:45,496.20,501.28,495.72,500.64,295384
ITC,2026-09-14,14:15,500.64,501.11,499.27,500.39,300022
ITC,2026-09-14,14:45,500.39,502.55,495.62,497.42,230906
ITC,2026-09-14,15:15,497.42,499.77,495.71,497.13,232953
LT,2026-09-14,09:15,3600.00,3637.12,3589.66,3619.37,249253
LT,2026-09-14,09:45,3619.37,3642.81,3612.72,3637.73,360580
LT,2026-09-14,10:15,3637.73,3643.28,3603.48,3619.21,208938
LT,2026-09-14,10:45,3619.21,3623.80,3587.28,3590.67,69927
LT,2026-09-14,11:15,3590.67,3601.69,3559.59,3564.48,198297
LT,2026-09-14,11:45,3564.48,3595.36,3558.88,3593.20,150580
LT,2026-09-14,12:15,3593.20,3606.88,3579.11,3594.17,349416
LT,2026-09-14,12:45,3594.17,3595.16,3578.23,3587.94,295945
LT,2026-09-14,13:15,3587.94,3624.77,3571.68,3612.48,196747
LT,2026-09-14,13:45,3612.48,3654.60,3605.78,3647.82,367289
LT,2026-09-14,14:15,3647.82,3652.85,3607.86,3622.20,129073
LT,2026-09-14,14:45,3622.20,3638.14,3614.23,3616.96,329594
LT,2026-09-14,15:15,3616.96,3638.93,3605.04,3628.19,456734
BHARTIARTL,2026-09-14,09:15,1850.00,1852.73,1842.13,1850.28,314244
BHARTIARTL,2026-09-14,09:45,1850.28,1851.25,1843.16,1845.74,367396
BHARTIARTL,2026-09-14,10:15,1845.74,1863.57,1838.59,1863.17,264238
BHARTIARTL,2026-09-14,10:45,1863.17,1881.45,1860.90,1874.92,465096
BHARTIARTL,2026-09-14,11:15,1874.92,1892.27,1869.09,1889.25,381897
BHARTIARTL,2026-09-14,11:45,1889.25,1891.38,1872.83,1875.65,375030
BHARTIARTL,2026-09-14,12:15,1875.65,1886.93,1872.75,1879.19,228839
BHARTIARTL,2026-09-14,12:45,1879.19,1879.79,1870.66,1874.01,131456
BHARTIARTL,2026-09-14,13:15,1874.01,1890.05,1866.90,1884.27,496767
BHARTIARTL,2026-09-14,13:45,1884.27,1899.17,1880.91,1890.35,318251
BHARTIARTL,2026-09-14,14:15,1890.35,1893.84,1873.21,1881.79,400211
BHARTIARTL,2026-09-14,14:45,1881.79,1902.04,1875.77,1893.17,171181
BHARTIARTL,2026-09-14,15:15,1893.17,1900.75,1892.18,1898.24,323867
WIPRO,2026-09-14,09:15,520.00,521.95,518.72,519.28,83077
WIPRO,2026-09-14,09:45,519.28,526.76,516.96,524.20,136973
WIPRO,2026-09-14,10:15,524.20,526.47,521.37,521.47,156332
WIPRO,2026-09-14,10:45,521.47,524.74,520.92,522.79,91728
WIPRO,2026-09-14,11:15,522.79,524.45,516.40,518.98,278920
WIPRO,2026-09-14,11:45,518.98,522.20,518.21,519.75,494292
WIPRO,2026-09-14,12:15,519.75,523.03,518.86,522.04,283411
WIPRO,2026-09-14,12:45,522.04,524.52,520.03,522.17,247647
WIPRO,2026-09-14,13:15,522.17,523.76,517.14,518.30,365927
WIPRO,2026-09-14,13:45,518.30,520.34,516.32,516.84,416485
WIPRO,2026-09-14,14:15,516.84,519.83,516.67,517.98,262888
WIPRO,2026-09-14,14:45,517.98,522.30,516.29,521.05,367014
WIPRO,2026-09-14,15:15,521.05,522.30,514.94,516.05,453105
RELIANCE,2026-09-15,09:15,1450.00,1452.21,1440.65,1443.80,248805
RELIANCE,2026-09-15,09:45,1443.80,1451.31,1437.22,1445.11,488359
RELIANCE,2026-09-15,10:15,1445.11,1451.60,1435.88,1436.02,238454
RELIANCE,2026-09-15,10:45,1436.02,1440.02,1420.91,1425.90,151869
RELIANCE,2026-09-15,11:15,1425.90,1425.97,1411.60,1418.06,262013
RELIANCE,2026-09-15,11:45,1418.06,1424.34,1399.36,1406.18,339303
RELIANCE,2026-09-15,12:15,1406.18,1412.10,1393.23,1399.80,332648
RELIANCE,2026-09-15,12:45,1399.80,1399.82,1382.03,1387.98,308417
RELIANCE,2026-09-15,13:15,1387.98,1390.63,1383.37,1384.35,409025
RELIANCE,2026-09-15,13:45,1384.35,1387.17,1371.27,1374.26,432432
RELIANCE,2026-09-15,14:15,1374.26,1375.84,1363.36,1368.62,169282
RELIANCE,2026-09-15,14:45,1368.62,1381.26,1362.66,1376.29,458834
RELIANCE,2026-09-15,15:15,1376.29,1382.57,1366.06,1369.88,142734
TCS,2026-09-15,09:15,3200.00,3212.19,3192.94,3201.39,133471
TCS,2026-09-15,09:45,3201.39,3204.01,3183.99,3194.97,210836
TCS,2026-09-15,10:15,3194.97,3202.26,3172.36,3176.24,363971
TCS,2026-09-15,10:45,3176.24,3178.29,3150.08,3151.51,210812
TCS,2026-09-15,11:15,3151.51,3181.16,3139.63,3171.66,189935
TCS,2026-09-15,11:45,3171.66,3183.04,3144.77,3154.05,212319
TCS,2026-09-15,12:15,3154.05,3167.46,3138.69,3146.55,70219
TCS,2026-09-15,12:45,3146.55,3153.37,3117.89,3127.46,252346
TCS,2026-09-15,13:15,3127.46,3133.91,3112.36,3127.08,436279
TCS,2026-09-15,13:45,3127.08,3141.72,3117.36,3118.92,175238
TCS,2026-09-15,14:15,3118.92,3119.25,3081.98,3097.26,285037
TCS,2026-09-15,14:45,3097.26,3105.85,3086.64,3094.73,146853
TCS,2026-09-15,15:15,3094.73,3111.55,3083.06,3098.18,342587
INFY,2026-09-15,09:15,1550.00,1553.58,1545.37,1552.07,329798
INFY,2026-09-15,09:45,1552.07,1560.40,1548.54,1556.71,122979
INFY,2026-09-15,10:15,1556.71,1562.36,1541.76,1542.98,193178
INFY,2026-09-15,10:45,1542.98,1549.90,1541.62,1547.99,202924
INFY,2026-09-15,11:15,1547.99,1549.82,1544.01,1547.05,352034
INFY,2026-09-15,11:45,1547.05,1548.55,1543.37,1546.47,80553
INFY,2026-09-15,12:15,1546.47,1548.59,1529.51,1535.61,448800
INFY,2026-09-15,12:45,1535.61,1540.62,1530.58,1533.13,208128
INFY,2026-09-15,13:15,1533.13,1547.19,1530.17,1543.90,146708
INFY,2026-09-15,13:45,1543.90,1548.08,1532.18,1532.41,267756
INFY,2026-09-15,14:15,1532.41,1543.18,1526.69,1542.08,355196
INFY,2026-09-15,14:45,1542.08,1548.21,1529.82,1536.01,471451
INFY,2026-09-15,15:15,1536.01,1555.06,1533.58,1548.62,100843
HDFCBANK,2026-09-15,09:15,1750.00,1756.67,1747.51,1752.43,157862
HDFCBANK,2026-09-15,09:45,1752.43,1761.64,1748.21,1756.15,214450
HDFCBANK,2026-09-15,10:15,1756.15,1771.58,1755.91,1767.04,230850
HDFCBANK,2026-09-15,10:45,1767.04,1771.30,1765.66,1766.64,448704
HDFCBANK,2026-09-15,11:15,1766.64,1773.96,1758.76,1761.17,218888
HDFCBANK,2026-09-15,11:45,1761.17,1764.39,1741.32,1748.90,307261
HDFCBANK,2026-09-15,12:15,1748.90,1753.19,1734.09,1742.55,131909
HDFCBANK,2026-09-15,12:45,1742.55,1758.71,1734.74,1753.05,407550
HDFCBANK,2026-09-15,13:15,1753.05,1759.98,1749.72,1751.16,175933
HDFCBANK,2026-09-15,13:45,1751.16,1751.50,1729.99,1735.44,371082
HDFCBANK,2026-09-15,14:15,1735.44,1747.67,1731.39,1746.16,206810
HDFCBANK,2026-09-15,14:45,1746.16,1746.44,1740.30,1746.41,460185
HDFCBANK,2026-09-15,15:15,1746.41,1750.27,1734.88,1740.25,367243
ICICIBANK,2026-09-15,09:15,1350.00,1356.41,1344.61,1352.24,80873
ICICIBANK,2026-09-15,09:45,1352.24,1356.15,1350.81,1356.00,66125
ICICIBANK,2026-09-15,10:15,1356.00,1362.68,1345.00,1351.06,65333
ICICIBANK,2026-09-15,10:45,1351.06,1356.57,1332.46,1338.97,464423
ICICIBANK,2026-09-15,11:15,1338.97,1352.68,1337.89,1347.62,401838
ICICIBANK,2026-09-15,11:45,1347.62,1363.79,1341.37,1357.95,156669
ICICIBANK,2026-09-15,12:15,1357.95,1368.71,1353.10,1365.92,189723
ICICIBANK,2026-09-15,12:45,1365.92,1372.52,1364.36,1368.15,241575
ICICIBANK,2026-09-15,13:15,1368.15,1369.40,1359.80,1360.93,170533
ICICIBANK,2026-09-15,13:45,1360.93,1363.47,1357.51,1362.14,308437
ICICIBANK,2026-09-15,14:15,1362.14,1378.34,1359.32,1373.80,462166
ICICIBANK,2026-09-15,14:45,1373.80,1377.88,1365.01,1368.21,220169
ICICIBANK,2026-09-15,15:15,1368.21,1374.68,1362.13,1369.16,163333
SBIN,2026-09-15,09:15,850.00,856.33,849.77,854.51,208134
SBIN,2026-09-15,09:45,854.51,855.25,845.55,847.26,91032
SBIN,2026-09-15,10:15,847.26,850.89,844.36,844.79,333644
SBIN,2026-09-15,10:45,844.79,848.17,839.37,840.57,321467
SBIN,2026-09-15,11:15,840.57,842.14,837.32,839.47,312271
SBIN,2026-09-15,11:45,839.47,845.98,838.72,844.98,199661
SBIN,2026-09-15,12:15,844.98,846.02,841.69,842.75,111806
SBIN,2026-09-15,12:45,842.75,844.18,830.22,834.38,254407
SBIN,2026-09-15,13:15,834.38,834.62,826.76,827.58,128673
SBIN,2026-09-15,13:45,827.58,830.79,824.89,825.35,392759
SBIN,2026-09-15,14:15,825.35,825.77,822.41,823.74,80909
SBIN,2026-09-15,14:45,823.74,824.51,813.95,815.72,151063
SBIN,2026-09-15,15:15,815.72,819.15,813.81,815.47,107008
ITC,2026-09-15,09:15,500.00,503.56,498.04,502.76,284867
ITC,2026-09-15,09:45,502.76,504.20,497.76,499.59,142491
ITC,2026-09-15,10:15,499.59,500.06,495.48,496.84,399500
ITC,2026-09-15,10:45,496.84,501.96,494.52,499.98,472311
ITC,2026-09-15,11:15,499.98,501.37,496.79,497.21,493223
ITC,2026-09-15,11:45,497.21,497.33,493.28,495.20,113398
ITC,2026-09-15,12:15,495.20,496.57,494.18,496.52,200742
ITC,2026-09-15,12:45,496.52,497.99,494.87,497.11,196344
ITC,2026-09-15,13:15,497.11,499.14,491.93,493.84,466415
ITC,2026-09-15,13:45,493.84,495.13,491.60,492.33,231227
ITC,2026-09-15,14:15,492.33,493.70,487.29,488.80,348482
ITC,2026-09-15,14:45,488.80,492.37,486.47,490.50,432835
ITC,2026-09-15,15:15,490.50,496.13,488.25,494.00,95093
LT,2026-09-15,09:15,3600.00,3609.86,3592.22,3608.66,157370
LT,2026-09-15,09:45,3608.66,3611.77,3576.51,3585.33,374630
LT,2026-09-15,10:15,3585.33,3598.20,3569.93,3589.27,97151
LT,2026-09-15,10:45,3589.27,3615.34,3586.93,3600.33,405830
LT,2026-09-15,11:15,3600.33,3609.32,3594.01,3604.50,167970
LT,2026-09-15,11:45,3604.50,3615.01,3593.02,3607.62,76427
LT,2026-09-15,12:15,3607.62,3635.45,3596.39,3626.08,191918
LT,2026-09-15,12:45,3626.08,3638.99,3618.38,3633.68,407970
LT,2026-09-15,13:15,3633.68,3671.34,3621.30,3657.72,483378
LT,2026-09-15,13:45,3657.72,3675.70,3626.03,3644.04,322953
LT,2026-09-15,14:15,3644.04,3645.39,3615.19,3623.61,160969
LT,2026-09-15,14:45,3623.61,3636.66,3613.25,3626.71,287077
LT,2026-09-15,15:15,3626.71,3634.09,3590.44,3593.64,270865
BHARTIARTL,2026-09-15,09:15,1850.00,1858.60,1843.69,1847.06,334175
BHARTIARTL,2026-09-15,09:45,1847.06,1857.39,1843.58,1852.97,319168
BHARTIARTL,2026-09-15,10:15,1852.97,1867.67,1845.48,1864.95,193107
BHARTIARTL,2026-09-15,10:45,1864.95,1872.49,1859.83,1866.27,339777
BHARTIARTL,2026-09-15,11:15,1866.27,1868.10,1857.60,1860.12,373850
BHARTIARTL,2026-09-15,11:45,1860.12,1870.18,1856.32,1867.65,378648
BHARTIARTL,2026-09-15,12:15,1867.65,1874.81,1848.56,1855.85,267229
BHARTIARTL,2026-09-15,12:45,1855.85,1860.03,1855.45,1859.49,92854
BHARTIARTL,2026-09-15,13:15,1859.49,1868.40,1837.34,1845.63,215331
BHARTIARTL,2026-09-15,13:45,1845.63,1849.95,1826.75,1830.92,293264
BHARTIARTL,2026-09-15,14:15,1830.92,1852.28,1829.21,1847.80,256777
BHARTIARTL,2026-09-15,14:45,1847.80,1870.83,1839.36,1863.95,168552
BHARTIARTL,2026-09-15,15:15,1863.95,1883.54,1860.89,1880.20,453008
WIPRO,2026-09-15,09:15,520.00,522.19,516.72,518.00,283240
WIPRO,2026-09-15,09:45,518.00,518.90,514.20,515.86,357089
WIPRO,2026-09-15,10:15,515.86,519.80,514.89,519.38,62423
WIPRO,2026-09-15,10:45,519.38,523.36,517.62,522.59,484190
WIPRO,2026-09-15,11:15,522.59,525.78,522.44,524.86,197577
WIPRO,2026-09-15,11:45,524.86,526.30,521.49,522.42,480580
WIPRO,2026-09-15,12:15,522.42,523.80,516.16,517.87,474595
WIPRO,2026-09-15,12:45,517.87,520.31,515.51,517.06,328912
WIPRO,2026-09-15,13:15,517.06,517.79,515.59,517.73,172991
WIPRO,2026-09-15,13:45,517.73,521.72,515.44,519.79,264657
WIPRO,2026-09-15,14:15,519.79,521.28,514.17,515.26,208511
WIPRO,2026-09-15,14:45,515.26,519.17,513.00,517.46,167512
WIPRO,2026-09-15,15:15,517.46,519.06,514.36,514.37,283750
RELIANCE,2026-09-16,09:15,1450.00,1456.68,1435.88,1441.54,311172
RELIANCE,2026-09-16,09:45,1441.54,1447.54,1424.80,1431.22,477463
RELIANCE,2026-09-16,10:15,1431.22,1436.15,1420.97,1424.81,54171
RELIANCE,2026-09-16,10:45,1424.81,1435.58,1423.32,1434.43,280120
RELIANCE,2026-09-16,11:15,1434.43,1453.47,1428.56,1447.43,182183
RELIANCE,2026-09-16,11:45,1447.43,1460.75,1444.71,1460.33,427046
RELIANCE,2026-09-16,12:15,1460.33,1466.86,1454.79,1455.52,472313
RELIANCE,2026-09-16,12:45,1455.52,1457.43,1444.42,1448.68,275950
RELIANCE,2026-09-16,13:15,1448.68,1451.19,1442.71,1450.42,455064
RELIANCE,2026-09-16,13:45,1450.42,1455.08,1448.09,1448.10,223098
RELIANCE,2026-09-16,14:15,1448.10,1451.32,1445.38,1448.94,301355
RELIANCE,2026-09-16,14:45,1448.94,1453.23,1434.53,1440.02,276227
RELIANCE,2026-09-16,15:15,1440.02,1443.25,1431.85,1438.80,492727
TCS,2026-09-16,09:15,3200.00,3201.85,3167.99,3169.02,202596
TCS,2026-09-16,09:45,3169.02,3196.95,3156.97,3195.34,236434
TCS,2026-09-16,10:15,3195.34,3200.40,3171.40,3174.07,488097
TCS,2026-09-16,10:45,3174.07,3179.71,3150.97,3165.83,340942
TCS,2026-09-16,11:15,3165.83,3174.40,3156.48,3159.79,257285
TCS,2026-09-16,11:45,3159.79,3185.61,3157.60,3173.44,393363
TCS,2026-09-16,12:15,3173.44,3205.35,3170.97,3203.07,455997
TCS,2026-09-16,12:45,3203.07,3232.45,3202.64,3219.52,333647
TCS,2026-09-16,13:15,3219.52,3240.24,3208.14,3227.28,117767
TCS,2026-09-16,13:45,3227.28,3243.61,3217.74,3228.86,258510
TCS,2026-09-16,14:15,3228.86,3242.82,3202.40,3217.02,380130
TCS,2026-09-16,14:45,3217.02,3231.74,3208.39,3221.79,468763
TCS,2026-09-16,15:15,3221.79,3237.36,3190.83,3204.48,497886
INFY,2026-09-16,09:15,1550.00,1556.91,1537.32,1542.01,181483
INFY,2026-09-16,09:45,1542.01,1551.18,1535.51,1547.16,116950
INFY,2026-09-16,10:15,1547.16,1550.21,1535.15,1539.81,93176
INFY,2026-09-16,10:45,1539.81,1544.50,1518.59,1526.11,83167
INFY,2026-09-16,11:15,1526.11,1538.08,1521.62,1530.68,273992
INFY,2026-09-16,11:45,1530.68,1532.94,1525.54,1531.04,350430
INFY,2026-09-16,12:15,1531.04,1544.61,1529.88,1537.27,220440
INFY,2026-09-16,12:45,1537.27,1553.20,1533.06,1549.60,203224
INFY,2026-09-16,13:15,1549.60,1553.61,1531.03,1537.98,120031
INFY,2026-09-16,13:45,1537.98,1539.39,1525.22,1532.28,481933
INFY,2026-09-16,14:15,1532.28,1547.82,1526.79,1547.10,243593
INFY,2026-09-16,14:45,1547.10,1562.23,1544.26,1556.03,442096
INFY,2026-09-16,15:15,1556.03,1563.59,1550.13,1559.17,349441
HDFCBANK,2026-09-16,09:15,1750.00,1757.71,1736.97,1741.60,389634
HDFCBANK,2026-09-16,09:45,1741.60,1748.93,1740.16,1748.85,253132
HDFCBANK,2026-09-16,10:15,1748.85,1770.18,1744.26,1763.80,52155
HDFCBANK,2026-09-16,10:45,1763.80,1771.61,1760.37,1761.34,169602
HDFCBANK,2026-09-16,11:15,1761.34,1765.86,1758.31,1762.45,52840
HDFCBANK,2026-09-16,11:45,1762.45,1764.14,1751.43,1754.89,426399
HDFCBANK,2026-09-16,12:15,1754.89,1760.89,1753.70,1758.14,262668
HDFCBANK,2026-09-16,12:45,1758.14,1778.00,1750.60,1773.19,105059
HDFCBANK,2026-09-16,13:15,1773.19,1774.78,1754.09,1756.86,165149
HDFCBANK,2026-09-16,13:45,1756.86,1778.56,1749.68,1772.02,165100
HDFCBANK,2026-09-16,14:15,1772.02,1786.90,1770.17,1785.23,186443
HDFCBANK,2026-09-16,14:45,1785.23,1788.04,1771.02,1776.15,73019
HDFCBANK,2026-09-16,15:15,1776.15,1779.06,1767.84,1777.33,454937
ICICIBANK,2026-09-16,09:15,1350.00,1367.48,1345.31,1363.01,273386
ICICIBANK,2026-09-16,09:45,1363.01,1363.50,1357.80,1362.10,244842
ICICIBANK,2026-09-16,10:15,1362.10,1362.63,1350.35,1351.53,231900
ICICIBANK,2026-09-16,10:45,1351.53,1359.95,1346.41,1359.10,284945
ICICIBANK,2026-09-16,11:15,1359.10,1359.98,1352.83,1353.82,293483
ICICIBANK,2026-09-16,11:45,1353.82,1360.95,1352.20,1356.84,415850
ICICIBANK,2026-09-16,12:15,1356.84,1362.34,1356.79,1360.87,391266
ICICIBANK,2026-09-16,12:45,1360.87,1372.05,1359.80,1370.05,414017
ICICIBANK,2026-09-16,13:15,1370.05,1372.46,1360.09,1361.50,164282
ICICIBANK,2026-09-16,13:45,1361.50,1373.24,1357.23,1368.04,88306
ICICIBANK,2026-09-16,14:15,1368.04,1368.84,1353.96,1357.70,459161
ICICIBANK,2026-09-16,14:45,1357.70,1373.13,1351.04,1369.54,433444
ICICIBANK,2026-09-16,15:15,1369.54,1376.35,1363.70,1366.12,152082
SBIN,2026-09-16,09:15,850.00,854.86,848.73,854.77,298197
SBIN,2026-09-16,09:45,854.77,856.51,847.62,848.12,96009
SBIN,2026-09-16,10:15,848.12,851.03,845.13,845.34,413233
SBIN,2026-09-16,10:45,845.34,854.87,844.24,853.12,456836
SBIN,2026-09-16,11:15,853.12,854.28,850.43,850.92,437676
SBIN,2026-09-16,11:45,850.92,855.70,849.11,855.69,409422
SBIN,2026-09-16,12:15,855.69,862.11,851.77,859.40,499302
SBIN,2026-09-16,12:45,859.40,863.49,856.85,857.55,333420
SBIN,2026-09-16,13:15,857.55,859.58,856.78,858.57,110057
SBIN,2026-09-16,13:45,858.57,862.65,847.56,851.35,423231
SBIN,2026-09-16,14:15,851.35,863.04,851.10,859.78,160388
SBIN,2026-09-16,14:45,859.78,862.67,856.52,861.55,102862
SBIN,2026-09-16,15:15,861.55,865.52,860.68,865.14,192072
ITC,2026-09-16,09:15,500.00,501.89,495.70,497.82,486382
ITC,2026-09-16,09:45,497.82,499.06,495.54,498.37,239521
ITC,2026-09-16,10:15,498.37,502.08,497.66,500.00,109329
ITC,2026-09-16,10:45,500.00,500.95,494.66,496.04,155401
ITC,2026-09-16,11:15,496.04,500.88,494.36,500.39,482818
ITC,2026-09-16,11:45,500.39,502.71,497.60,499.63,62510
ITC,2026-09-16,12:15,499.63,504.66,497.62,503.98,405442
ITC,2026-09-16,12:45,503.98,505.20,499.98,501.72,373605
ITC,2026-09-16,13:15,501.72,504.12,496.59,497.98,114940
ITC,2026-09-16,13:45,497.98,504.28,497.76,501.89,479403
ITC,2026-09-16,14:15,501.89,504.68,499.55,503.77,300087
ITC,2026-09-16,14:45,503.77,506.33,501.74,504.21,194797
ITC,2026-09-16,15:15,504.21,509.01,503.01,508.08,241760
LT,2026-09-16,09:15,3600.00,3636.73,3597.64,3634.11,65215
LT,2026-09-16,09:45,3634.11,3654.59,3634.10,3646.26,408697
LT,2026-09-16,10:15,3646.26,3661.80,3606.00,3614.22,432180
LT,2026-09-16,10:45,3614.22,3632.22,3597.14,3620.14,72156
LT,2026-09-16,11:15,3620.14,3644.20,3618.95,3643.49,218620
LT,2026-09-16,11:45,3643.49,3693.30,3629.16,3679.40,222238
LT,2026-09-16,12:15,3679.40,3688.85,3667.25,3674.95,175140
LT,2026-09-16,12:45,3674.95,3677.39,3654.25,3667.23,191427
LT,2026-09-16,13:15,3667.23,3667.78,3619.59,3632.20,177247
LT,2026-09-16,13:45,3632.20,3662.81,3619.44,3657.65,387918
LT,2026-09-16,14:15,3657.65,3664.08,3624.97,3625.52,416570
LT,2026-09-16,14:45,3625.52,3634.96,3616.29,3624.72,120166
LT,2026-09-16,15:15,3624.72,3640.75,3595.64,3611.59,333967
BHARTIARTL,2026-09-16,09:15,1850.00,1853.31,1832.40,1839.08,339246
BHARTIARTL,2026-09-16,09:45,1839.08,1849.44,1837.88,1847.97,252211
BHARTIARTL,2026-09-16,10:15,1847.97,1850.00,1840.78,1845.77,363574
BHARTIARTL,2026-09-16,10:45,1845.77,1849.94,1822.76,1828.79,355161
BHARTIARTL,2026-09-16,11:15,1828.79,1841.36,1827.99,1840.72,165057
BHARTIARTL,2026-09-16,11:45,1840.72,1843.08,1818.79,1823.05,379447
BHARTIARTL,2026-09-16,12:15,1823.05,1823.50,1807.31,1811.02,455589
BHARTIARTL,2026-09-16,12:45,1811.02,1819.93,1803.82,1803.88,283385
BHARTIARTL,2026-09-16,13:15,1803.88,1808.83,1788.87,1790.43,499756
BHARTIARTL,2026-09-16,13:45,1790.43,1810.62,1783.14,1804.10,498290
BHARTIARTL,2026-09-16,14:15,1804.10,1810.03,1788.73,1792.77,265785
BHARTIARTL,2026-09-16,14:45,1792.77,1811.44,1789.28,1806.58,150682
BHARTIARTL,2026-09-16,15:15,1806.58,1811.30,1787.91,1793.64,166726
WIPRO,2026-09-16,09:15,520.00,521.73,516.71,518.27,445160
WIPRO,2026-09-16,09:45,518.27,520.21,511.83,513.43,447319
WIPRO,2026-09-16,10:15,513.43,515.78,511.89,514.25,204221
WIPRO,2026-09-16,10:45,514.25,514.52,510.95,513.48,137382
WIPRO,2026-09-16,11:15,513.48,518.48,511.57,516.13,382940
WIPRO,2026-09-16,11:45,516.13,517.12,511.18,512.58,309623
WIPRO,2026-09-16,12:15,512.58,513.97,510.95,513.74,331349
WIPRO,2026-09-16,12:45,513.74,516.10,511.50,513.89,434736
WIPRO,2026-09-16,13:15,513.89,514.27,508.82,510.49,148115
WIPRO,2026-09-16,13:45,510.49,517.55,510.44,515.26,413868
WIPRO,2026-09-16,14:15,515.26,520.82,515.18,520.19,172271
WIPRO,2026-09-16,14:45,520.19,521.24,515.93,516.68,376775
WIPRO,2026-09-16,15:15,516.68,517.68,516.15,516.55,162749
RELIANCE,2026-09-17,09:15,1450.00,1464.28,1445.14,1461.34,238374
RELIANCE,2026-09-17,09:45,1461.34,1463.53,1447.85,1450.44,194179
RELIANCE,2026-09-17,10:15,1450.44,1454.72,1437.95,1442.26,379204
RELIANCE,2026-09-17,10:45,1442.26,1455.59,1440.75,1452.80,104430
RELIANCE,2026-09-17,11:15,1452.80,1457.61,1431.44,1438.48,244824
RELIANCE,2026-09-17,11:45,1438.48,1456.22,1438.26,1449.40,203007
RELIANCE,2026-09-17,12:15,1449.40,1462.72,1443.61,1462.23,117535
RELIANCE,2026-09-17,12:45,1462.23,1468.27,1445.89,1448.23,83877
RELIANCE,2026-09-17,13:15,1448.23,1451.62,1439.43,1440.05,422824
RELIANCE,2026-09-17,13:45,1440.05,1453.33,1436.06,1451.92,92876
RELIANCE,2026-09-17,14:15,1451.92,1458.87,1447.76,1458.63,332384
RELIANCE,2026-09-17,14:45,1458.63,1465.84,1438.29,1444.96,188504
RELIANCE,2026-09-17,15:15,1444.96,1445.29,1432.33,1439.09,423019
TCS,2026-09-17,09:15,3200.00,3223.40,3191.27,3216.81,52818
TCS,2026-09-17,09:45,3216.81,3240.03,3212.63,3239.04,405982
TCS,2026-09-17,10:15,3239.04,3270.91,3227.03,3262.27,52095
TCS,2026-09-17,10:45,3262.27,3305.87,3258.00,3290.69,346843
TCS,2026-09-17,11:15,3290.69,3313.96,3282.84,3303.50,491402
TCS,2026-09-17,11:45,3303.50,3308.56,3279.33,3294.05,270879
TCS,2026-09-17,12:15,3294.05,3307.75,3268.79,3284.30,313811
TCS,2026-09-17,12:45,3284.30,3285.27,3266.96,3275.89,343956
TCS,2026-09-17,13:15,3275.89,3315.38,3274.20,3303.49,116347
TCS,2026-09-17,13:45,3303.49,3304.77,3264.83,3278.92,158982
TCS,2026-09-17,14:15,3278.92,3279.61,3243.23,3249.13,424983
TCS,2026-09-17,14:45,3249.13,3249.90,3214.58,3222.20,491911
TCS,2026-09-17,15:15,3222.20,3250.69,3209.19,3236.12,229647
INFY,2026-09-17,09:15,1550.00,1564.86,1547.24,1558.04,105310
INFY,2026-09-17,09:45,1558.04,1558.30,1543.81,1550.99,207493
INFY,2026-09-17,10:15,1550.99,1557.26,1536.62,1537.76,331037
INFY,2026-09-17,10:45,1537.76,1541.41,1520.23,1525.80,289213
INFY,2026-09-17,11:15,1525.80,1539.78,1520.54,1538.70,185934
INFY,2026-09-17,11:45,1538.70,1546.22,1529.27,1534.19,404274
INFY,2026-09-17,12:15,1534.19,1538.25,1532.42,1535.40,104187
INFY,2026-09-17,12:45,1535.40,1556.38,1530.07,1548.79,109123
INFY,2026-09-17,13:15,1548.79,1552.71,1540.71,1541.03,284254
INFY,2026-09-17,13:45,1541.03,1545.01,1539.34,1540.43,242540
INFY,2026-09-17,14:15,1540.43,1547.51,1521.75,1525.27,364981
INFY,2026-09-17,14:45,1525.27,1532.48,1510.43,1511.46,289295
INFY,2026-09-17,15:15,1511.46,1515.20,1499.55,1506.62,67560
HDFCBANK,2026-09-17,09:15,1750.00,1759.07,1745.26,1750.81,323987
HDFCBANK,2026-09-17,09:45,1750.81,1757.79,1730.18,1735.23,154926
HDFCBANK,2026-09-17,10:15,1735.23,1743.47,1716.52,1719.36,329761
HDFCBANK,2026-09-17,10:45,1719.36,1724.86,1714.22,1723.09,161594
HDFCBANK,2026-09-17,11:15,1723.09,1730.74,1714.46,1714.71,92900
HDFCBANK,2026-09-17,11:45,1714.71,1722.00,1704.58,1704.90,185954
HDFCBANK,2026-09-17,12:15,1704.90,1706.26,1703.61,1704.68,316475
HDFCBANK,2026-09-17,12:45,1704.68,1710.90,1694.15,1698.04,392995
HDFCBANK,2026-09-17,13:15,1698.04,1704.61,1673.81,1681.57,65245
HDFCBANK,2026-09-17,13:45,1681.57,1694.93,1674.97,1687.26,103359
HDFCBANK,2026-09-17,14:15,1687.26,1698.00,1679.58,1694.56,419206
HDFCBANK,2026-09-17,14:45,1694.56,1702.06,1693.40,1697.24,76156
HDFCBANK,2026-09-17,15:15,1697.24,1701.32,1685.48,1685.81,273981
ICICIBANK,2026-09-17,09:15,1350.00,1354.13,1339.49,1340.34,364967
ICICIBANK,2026-09-17,09:45,1340.34,1343.84,1338.70,1340.34,241477
ICICIBANK,2026-09-17,10:15,1340.34,1352.87,1334.14,1347.86,364294
ICICIBANK,2026-09-17,10:45,1347.86,1357.95,1347.39,1356.46,228638
ICICIBANK,2026-09-17,11:15,1356.46,1357.63,1348.05,1349.17,197989
ICICIBANK,2026-09-17,11:45,1349.17,1352.15,1334.31,1338.73,310818
ICICIBANK,2026-09-17,12:15,1338.73,1353.43,1338.58,1350.33,156681
ICICIBANK,2026-09-17,12:45,1350.33,1356.05,1337.30,1342.55,310040
ICICIBANK,2026-09-17,13:15,1342.55,1360.45,1338.79,1355.65,65959
ICICIBANK,2026-09-17,13:45,1355.65,1367.06,1354.58,1360.38,131628
ICICIBANK,2026-09-17,14:15,1360.38,1378.45,1356.39,1373.09,206244
ICICIBANK,2026-09-17,14:45,1373.09,1387.66,1369.95,1385.74,90685
ICICIBANK,2026-09-17,15:15,1385.74,1398.69,1380.35,1392.09,402752
SBIN,2026-09-17,09:15,850.00,858.91,849.54,854.70,163934
SBIN,2026-09-17,09:45,854.70,857.96,846.37,848.76,124038
SBIN,2026-09-17,10:15,848.76,848.93,837.70,841.60,350335
SBIN,2026-09-17,10:45,841.60,850.33,841.44,847.70,192123
SBIN,2026-09-17,11:15,847.70,848.76,844.19,845.18,178421
SBIN,2026-09-17,11:45,845.18,848.61,836.48,840.17,419640
SBIN,2026-09-17,12:15,840.17,841.88,838.15,838.85,110560
SBIN,2026-09-17,12:45,838.85,842.57,837.12,838.50,236712
SBIN,2026-09-17,13:15,838.50,846.34,836.03,842.34,311748
SBIN,2026-09-17,13:45,842.34,854.03,840.42,849.86,336217
SBIN,2026-09-17,14:15,849.86,858.70,849.73,858.05,105572
SBIN,2026-09-17,14:45,858.05,858.33,848.53,850.40,171232
SBIN,2026-09-17,15:15,850.40,858.27,846.25,854.06,367353
ITC,2026-09-17,09:15,500.00,500.59,495.47,496.18,339439
ITC,2026-09-17,09:45,496.18,497.48,492.28,494.18,387996
ITC,2026-09-17,10:15,494.18,495.97,493.92,494.12,303285
ITC,2026-09-17,10:45,494.12,496.35,492.52,496.25,370334
ITC,2026-09-17,11:15,496.25,497.05,490.24,492.49,249881
ITC,2026-09-17,11:45,492.49,495.25,491.65,495.17,220511
ITC,2026-09-17,12:15,495.17,495.89,490.42,492.04,204879
ITC,2026-09-17,12:45,492.04,498.48,490.96,496.03,297005
ITC,2026-09-17,13:15,496.03,496.95,493.16,494.22,262634
ITC,2026-09-17,13:45,494.22,495.53,492.06,492.79,153533
ITC,2026-09-17,14:15,492.79,495.58,490.42,494.35,482894
ITC,2026-09-17,14:45,494.35,496.00,489.96,490.83,135748
ITC,2026-09-17,15:15,490.83,493.74,489.55,492.43,69705
LT,2026-09-17,09:15,3600.00,3628.08,3584.15,3624.45,490619
LT,2026-09-17,09:45,3624.45,3628.33,3615.38,3620.30,292376
LT,2026-09-17,10:15,3620.30,3625.74,3587.78,3599.67,474455
LT,2026-09-17,10:45,3599.67,3621.57,3586.33,3607.00,116393
LT,2026-09-17,11:15,3607.00,3608.72,3562.70,3571.30,366093
LT,2026-09-17,11:45,3571.30,3602.00,3554.88,3592.11,88389
LT,2026-09-17,12:15,3592.11,3632.39,3575.36,3615.77,293930
LT,2026-09-17,12:45,3615.77,3663.68,3606.03,3647.12,323739
LT,2026-09-17,13:15,3647.12,3650.45,3633.98,3645.14,306981
LT,2026-09-17,13:45,3645.14,3662.91,3602.64,3617.41,125913
LT,2026-09-17,14:15,3617.41,3654.97,3607.55,3640.19,351940
LT,2026-09-17,14:45,3640.19,3653.31,3619.24,3621.48,498315
LT,2026-09-17,15:15,3621.48,3635.11,3593.93,3599.70,418208
BHARTIARTL,2026-09-17,09:15,1850.00,1871.54,1845.06,1866.86,471547
BHARTIARTL,2026-09-17,09:45,1866.86,1885.41,1861.95,1885.11,225310
BHARTIARTL,2026-09-17,10:15,1885.11,1893.88,1872.34,1879.22,149970
BHARTIARTL,2026-09-17,10:45,1879.22,1889.98,1871.36,1886.82,66277
BHARTIARTL,2026-09-17,11:15,1886.82,1896.03,1880.79,1891.38,359917
BHARTIARTL,2026-09-17,11:45,1891.38,1898.31,1882.20,1888.26,462083
BHARTIARTL,2026-09-17,12:15,1888.26,1888.77,1881.73,1884.41,175218
BHARTIARTL,2026-09-17,12:45,1884.41,1894.04,1875.05,1889.20,390687
BHARTIARTL,2026-09-17,13:15,1889.20,1898.01,1884.83,1885.29,424991
BHARTIARTL,2026-09-17,13:45,1885.29,1899.24,1877.30,1895.32,474053
BHARTIARTL,2026-09-17,14:15,1895.32,1905.54,1889.48,1899.86,485338
BHARTIARTL,2026-09-17,14:45,1899.86,1902.52,1890.62,1896.78,185033
BHARTIARTL,2026-09-17,15:15,1896.78,1912.54,1895.44,1908.49,479713
WIPRO,2026-09-17,09:15,520.00,523.99,518.56,521.54,428203
WIPRO,2026-09-17,09:45,521.54,522.97,515.72,516.48,177260
WIPRO,2026-09-17,10:15,516.48,517.93,513.55,514.85,364109
WIPRO,2026-09-17,10:45,514.85,519.67,512.77,517.30,333050
WIPRO,2026-09-17,11:15,517.30,519.30,516.30,518.90,152991
WIPRO,2026-09-17,11:45,518.90,520.15,516.61,517.97,346656
WIPRO,2026-09-17,12:15,517.97,519.04,514.48,515.26,376279
WIPRO,2026-09-17,12:45,515.26,520.61,514.44,519.85,189554
WIPRO,2026-09-17,13:15,519.85,521.80,517.10,517.28,432194
WIPRO,2026-09-17,13:45,517.28,517.59,510.87,512.14,134662
WIPRO,2026-09-17,14:15,512.14,512.27,506.67,507.10,370514
WIPRO,2026-09-17,14:45,507.10,509.04,505.55,506.46,420294
WIPRO,2026-09-17,15:15,506.46,508.27,502.19,503.00,159757
RELIANCE,2026-09-18,09:15,1450.00,1452.53,1432.12,1436.76,143228
RELIANCE,2026-09-18,09:45,1436.76,1440.82,1419.08,1424.74,378539
RELIANCE,2026-09-18,10:15,1424.74,1431.19,1417.73,1417.86,68634
RELIANCE,2026-09-18,10:45,1417.86,1432.69,1412.51,1428.40,440956
RELIANCE,2026-09-18,11:15,1428.40,1428.79,1416.58,1421.58,51050
RELIANCE,2026-09-18,11:45,1421.58,1424.22,1415.19,1417.73,365649
RELIANCE,2026-09-18,12:15,1417.73,1425.39,1417.71,1422.67,287806
RELIANCE,2026-09-18,12:45,1422.67,1432.04,1419.79,1431.67,300438
RELIANCE,2026-09-18,13:15,1431.67,1451.20,1427.85,1444.49,455677
RELIANCE,2026-09-18,13:45,1444.49,1448.22,1429.35,1433.08,315262
RELIANCE,2026-09-18,14:15,1433.08,1443.15,1432.66,1436.92,51979
RELIANCE,2026-09-18,14:45,1436.92,1439.10,1424.22,1425.02,218499
RELIANCE,2026-09-18,15:15,1425.02,1431.73,1418.19,1426.57,462758
TCS,2026-09-18,09:15,3200.00,3210.44,3164.30,3171.22,299534
TCS,2026-09-18,09:45,3171.22,3173.78,3146.94,3152.62,287660
TCS,2026-09-18,10:15,3152.62,3184.11,3140.35,3181.51,62251
TCS,2026-09-18,10:45,3181.51,3204.35,3175.71,3200.54,491441
TCS,2026-09-18,11:15,3200.54,3205.86,3186.65,3190.48,231161
TCS,2026-09-18,11:45,3190.48,3205.28,3183.84,3201.91,484317
TCS,2026-09-18,12:15,3201.91,3208.04,3181.45,3186.38,284270
TCS,2026-09-18,12:45,3186.38,3190.30,3153.58,3162.35,403603
TCS,2026-09-18,13:15,3162.35,3172.85,3148.41,3149.22,438797
TCS,2026-09-18,13:45,3149.22,3171.35,3146.53,3169.57,355012
TCS,2026-09-18,14:15,3169.57,3180.04,3152.66,3158.92,182938
TCS,2026-09-18,14:45,3158.92,3199.42,3154.57,3183.73,359759
TCS,2026-09-18,15:15,3183.73,3186.73,3173.15,3173.70,435206
INFY,2026-09-18,09:15,1550.00,1550.44,1535.43,1538.12,207224
INFY,2026-09-18,09:45,1538.12,1541.84,1530.57,1534.57,499306
INFY,2026-09-18,10:15,1534.57,1537.87,1528.60,1529.89,440097
INFY,2026-09-18,10:45,1529.89,1534.60,1526.76,1533.96,461587
INFY,2026-09-18,11:15,1533.96,1539.02,1529.97,1532.42,398142
INFY,2026-09-18,11:45,1532.42,1547.84,1526.45,1547.71,448951
INFY,2026-09-18,12:15,1547.71,1548.07,1542.24,1544.24,155822
INFY,2026-09-18,12:45,1544.24,1552.86,1544.20,1547.05,486047
INFY,2026-09-18,13:15,1547.05,1549.23,1530.05,1533.41,259177
INFY,2026-09-18,13:45,1533.41,1536.85,1526.86,1534.10,134638
INFY,2026-09-18,14:15,1534.10,1543.75,1530.72,1542.77,476151
INFY,2026-09-18,14:45,1542.77,1554.29,1538.18,1550.12,289211
INFY,2026-09-18,15:15,1550.12,1553.55,1537.21,1544.22,462714
HDFCBANK,2026-09-18,09:15,1750.00,1770.35,1748.69,1761.67,317511
HDFCBANK,2026-09-18,09:45,1761.67,1761.68,1754.56,1758.62,367213
HDFCBANK,2026-09-18,10:15,1758.62,1762.03,1749.94,1757.82,178585
HDFCBANK,2026-09-18,10:45,1757.82,1766.21,1736.69,1743.36,265628
HDFCBANK,2026-09-18,11:15,1743.36,1757.25,1739.60,1756.73,351319
HDFCBANK,2026-09-18,11:45,1756.73,1760.77,1735.68,1743.25,330610
HDFCBANK,2026-09-18,12:15,1743.25,1761.83,1736.89,1758.28,76423
HDFCBANK,2026-09-18,12:45,1758.28,1767.89,1755.40,1762.49,128078
HDFCBANK,2026-09-18,13:15,1762.49,1773.24,1755.39,1767.67,428746
HDFCBANK,2026-09-18,13:45,1767.67,1771.73,1762.53,1764.45,472755
HDFCBANK,2026-09-18,14:15,1764.45,1771.85,1762.32,1770.57,329306
HDFCBANK,2026-09-18,14:45,1770.57,1783.24,1762.08,1774.96,281992
HDFCBANK,2026-09-18,15:15,1774.96,1794.66,1771.51,1786.88,188732
ICICIBANK,2026-09-18,09:15,1350.00,1354.05,1337.53,1343.78,206896
ICICIBANK,2026-09-18,09:45,1343.78,1362.95,1338.32,1356.75,98689
ICICIBANK,2026-09-18,10:15,1356.75,1357.75,1343.38,1343.95,449723
ICICIBANK,2026-09-18,10:45,1343.95,1347.24,1337.80,1344.40,153577
ICICIBANK,2026-09-18,11:15,1344.40,1350.47,1338.58,1344.72,387648
ICICIBANK,2026-09-18,11:45,1344.72,1348.75,1343.28,1345.14,287254
ICICIBANK,2026-09-18,12:15,1345.14,1349.67,1339.14,1346.41,272160
ICICIBANK,2026-09-18,12:45,1346.41,1357.08,1339.92,1350.81,208168
ICICIBANK,2026-09-18,13:15,1350.81,1353.73,1347.53,1349.58,308043
ICICIBANK,2026-09-18,13:45,1349.58,1353.58,1336.07,1339.99,87057
ICICIBANK,2026-09-18,14:15,1339.99,1346.13,1331.05,1336.29,310919
ICICIBANK,2026-09-18,14:45,1336.29,1337.89,1331.53,1333.47,118767
ICICIBANK,2026-09-18,15:15,1333.47,1339.07,1327.10,1338.02,87281
SBIN,2026-09-18,09:15,850.00,852.10,849.03,850.90,497044
SBIN,2026-09-18,09:45,850.90,854.07,849.11,851.09,306205
SBIN,2026-09-18,10:15,851.09,859.38,849.01,856.50,138054
SBIN,2026-09-18,10:45,856.50,858.36,844.73,848.29,158767
SBIN,2026-09-18,11:15,848.29,850.28,845.23,845.32,406823
SBIN,2026-09-18,11:45,845.32,853.11,844.64,852.79,257443
SBIN,2026-09-18,12:15,852.79,855.27,851.23,851.56,418891
SBIN,2026-09-18,12:45,851.56,852.10,846.69,849.53,434180
SBIN,2026-09-18,13:15,849.53,849.81,844.91,845.25,208265
SBIN,2026-09-18,13:45,845.25,853.47,845.05,852.94,80499
SBIN,2026-09-18,14:15,852.94,855.16,851.09,851.53,398782
SBIN,2026-09-18,14:45,851.53,854.49,846.10,847.50,419422
SBIN,2026-09-18,15:15,847.50,853.31,846.43,850.00,239079
ITC,2026-09-18,09:15,500.00,504.67,497.71,503.76,358446
ITC,2026-09-18,09:45,503.76,506.14,503.57,505.15,51265
ITC,2026-09-18,10:15,505.15,510.65,504.85,509.08,117273
ITC,2026-09-18,10:45,509.08,511.34,508.07,509.23,495831
ITC,2026-09-18,11:15,509.23,512.05,506.70,510.89,223960
ITC,2026-09-18,11:45,510.89,511.55,509.34,509.50,365480
ITC,2026-09-18,12:15,509.50,510.48,508.62,509.50,245991
ITC,2026-09-18,12:45,509.50,515.19,508.00,513.54,403241
ITC,2026-09-18,13:15,513.54,518.18,512.12,516.34,246064
ITC,2026-09-18,13:45,516.34,520.52,514.83,519.87,488892
ITC,2026-09-18,14:15,519.87,524.04,518.83,521.60,250259
ITC,2026-09-18,14:45,521.60,526.04,521.44,525.59,375265
ITC,2026-09-18,15:15,525.59,526.11,521.38,523.25,452302
LT,2026-09-18,09:15,3600.00,3649.42,3586.27,3634.17,215955
LT,2026-09-18,09:45,3634.17,3638.41,3591.45,3609.09,160981
LT,2026-09-18,10:15,3609.09,3613.24,3590.99,3593.86,409470
LT,2026-09-18,10:45,3593.86,3608.77,3576.99,3607.98,396443
LT,2026-09-18,11:15,3607.98,3608.62,3565.74,3581.97,329325
LT,2026-09-18,11:45,3581.97,3597.00,3567.97,3588.23,306673
LT,2026-09-18,12:15,3588.23,3593.58,3542.94,3553.27,99383
LT,2026-09-18,12:45,3553.27,3554.74,3530.51,3539.25,314773
LT,2026-09-18,13:15,3539.25,3549.58,3510.41,3526.94,138344
LT,2026-09-18,13:45,3526.94,3540.47,3491.95,3494.44,201489
LT,2026-09-18,14:15,3494.44,3500.61,3481.94,3483.93,317809
LT,2026-09-18,14:45,3483.93,3524.39,3473.01,3512.94,122150
LT,2026-09-18,15:15,3512.94,3551.99,3498.75,3540.99,325826
BHARTIARTL,2026-09-18,09:15,1850.00,1853.34,1833.55,1841.72,154992
BHARTIARTL,2026-09-18,09:45,1841.72,1843.09,1826.71,1833.62,196010
BHARTIARTL,2026-09-18,10:15,1833.62,1835.42,1818.71,1820.93,237002
BHARTIARTL,2026-09-18,10:45,1820.93,1833.84,1814.70,1826.11,154573
BHARTIARTL,2026-09-18,11:15,1826.11,1834.34,1812.14,1818.99,366179
BHARTIARTL,2026-09-18,11:45,1818.99,1827.10,1812.64,1821.70,378213
BHARTIARTL,2026-09-18,12:15,1821.70,1828.61,1814.62,1826.58,497542
BHARTIARTL,2026-09-18,12:45,1826.58,1826.74,1817.31,1825.07,257101
BHARTIARTL,2026-09-18,13:15,1825.07,1842.86,1824.66,1839.61,369105
BHARTIARTL,2026-09-18,13:45,1839.61,1842.40,1836.30,1836.42,443067
BHARTIARTL,2026-09-18,14:15,1836.42,1841.71,1830.11,1838.30,276166
BHARTIARTL,2026-09-18,14:45,1838.30,1840.63,1827.68,1827.70,161589
BHARTIARTL,2026-09-18,15:15,1827.70,1840.41,1823.61,1835.73,394684
WIPRO,2026-09-18,09:15,520.00,521.37,515.16,517.07,337905
WIPRO,2026-09-18,09:45,517.07,517.84,513.11,515.24,149898
WIPRO,2026-09-18,10:15,515.24,515.70,510.69,512.78,90448
WIPRO,2026-09-18,10:45,512.78,514.86,506.39,508.01,342612
WIPRO,2026-09-18,11:15,508.01,509.55,505.48,509.11,134585
WIPRO,2026-09-18,11:45,509.11,510.58,502.55,505.03,194472
WIPRO,2026-09-18,12:15,505.03,507.11,500.79,502.20,288620
WIPRO,2026-09-18,12:45,502.20,509.18,500.77,506.76,86783
WIPRO,2026-09-18,13:15,506.76,506.96,501.43,502.59,80705
WIPRO,2026-09-18,13:45,502.59,503.70,502.19,502.65,294946
WIPRO,2026-09-18,14:15,502.65,506.63,500.74,504.80,457798
WIPRO,2026-09-18,14:45,504.80,507.05,503.96,506.44,368792
WIPRO,2026-09-18,15:15,506.44,508.69,504.69,507.56,257712
RELIANCE,2026-09-21,09:15,1450.00,1454.17,1448.01,1449.99,366064
RELIANCE,2026-09-21,09:45,1449.99,1455.73,1447.44,1450.85,202697
RELIANCE,2026-09-21,10:15,1450.85,1458.93,1444.94,1457.48,51507
RELIANCE,2026-09-21,10:45,1457.48,1473.69,1453.50,1469.38,364371
RELIANCE,2026-09-21,11:15,1469.38,1470.90,1465.39,1465.56,365500
RELIANCE,2026-09-21,11:45,1465.56,1471.20,1461.95,1462.95,468891
RELIANCE,2026-09-21,12:15,1462.95,1475.99,1458.88,1471.58,480339
RELIANCE,2026-09-21,12:45,1471.58,1475.21,1459.80,1466.10,376242
RELIANCE,2026-09-21,13:15,1466.10,1470.31,1450.36,1454.43,169486
RELIANCE,2026-09-21,13:45,1454.43,1462.77,1451.10,1459.29,120320
RELIANCE,2026-09-21,14:15,1459.29,1470.67,1452.49,1463.81,77404
RELIANCE,2026-09-21,14:45,1463.81,1483.35,1460.88,1476.96,320509
RELIANCE,2026-09-21,15:15,1476.96,1478.01,1468.94,1471.86,241049
TCS,2026-09-21,09:15,3200.00,3210.76,3199.31,3206.55,142635
TCS,2026-09-21,09:45,3206.55,3207.03,3172.11,3175.30,479630
TCS,2026-09-21,10:15,3175.30,3206.12,3159.63,3191.17,487754
TCS,2026-09-21,10:45,3191.17,3202.09,3177.08,3190.08,440428
TCS,2026-09-21,11:15,3190.08,3202.98,3168.61,3181.32,90363
TCS,2026-09-21,11:45,3181.32,3209.16,3180.65,3208.35,108302
TCS,2026-09-21,12:15,3208.35,3219.61,3195.22,3218.82,202090
TCS,2026-09-21,12:45,3218.82,3229.90,3183.49,3199.30,235336
TCS,2026-09-21,13:15,3199.30,3211.14,3168.98,3170.69,278885
TCS,2026-09-21,13:45,3170.69,3173.46,3125.81,3139.48,169564
TCS,2026-09-21,14:15,3139.48,3146.37,3121.75,3126.50,101844
TCS,2026-09-21,14:45,3126.50,3133.42,3110.04,3124.73,294522
TCS,2026-09-21,15:15,3124.73,3139.11,3088.69,3099.56,55486
INFY,2026-09-21,09:15,1550.00,1554.60,1535.51,1538.18,247148
INFY,2026-09-21,09:45,1538.18,1541.21,1533.66,1537.33,258023
INFY,2026-09-21,10:15,1537.33,1538.65,1532.92,1533.47,188827
INFY,2026-09-21,10:45,1533.47,1535.61,1526.82,1529.17,190541
INFY,2026-09-21,11:15,1529.17,1538.84,1521.85,1534.60,477335
INFY,2026-09-21,11:45,1534.60,1536.13,1523.02,1525.77,88939
INFY,2026-09-21,12:15,1525.77,1539.09,1524.49,1538.20,329239
INFY,2026-09-21,12:45,1538.20,1548.27,1532.25,1546.32,228663
INFY,2026-09-21,13:15,1546.32,1558.97,1540.05,1552.84,105178
INFY,2026-09-21,13:45,1552.84,1566.51,1546.37,1559.60,436328
INFY,2026-09-21,14:15,1559.60,1564.79,1553.31,1564.03,392208
INFY,2026-09-21,14:45,1564.03,1569.17,1559.12,1564.97,442199
INFY,2026-09-21,15:15,1564.97,1582.29,1563.64,1577.53,324946
HDFCBANK,2026-09-21,09:15,1750.00,1755.94,1741.39,1746.39,244208
HDFCBANK,2026-09-21,09:45,1746.39,1747.78,1736.35,1742.10,220759
HDFCBANK,2026-09-21,10:15,1742.10,1759.20,1742.06,1758.05,285003
HDFCBANK,2026-09-21,10:45,1758.05,1759.02,1746.57,1754.58,163752
HDFCBANK,2026-09-21,11:15,1754.58,1762.68,1743.23,1747.72,122441
HDFCBANK,2026-09-21,11:45,1747.72,1754.40,1741.99,1751.04,211103
HDFCBANK,2026-09-21,12:15,1751.04,1754.80,1733.81,1740.80,132377
HDFCBANK,2026-09-21,12:45,1740.80,1748.23,1733.99,1739.71,430784
HDFCBANK,2026-09-21,13:15,1739.71,1747.17,1736.49,1737.42,430242
HDFCBANK,2026-09-21,13:45,1737.42,1754.72,1732.03,1749.28,335916
HDFCBANK,2026-09-21,14:15,1749.28,1762.08,1743.96,1758.91,465794
HDFCBANK,2026-09-21,14:45,1758.91,1763.54,1751.71,1761.00,417975
HDFCBANK,2026-09-21,15:15,1761.00,1774.47,1753.92,1765.80,349405
ICICIBANK,2026-09-21,09:15,1350.00,1353.42,1344.45,1353.22,314232
ICICIBANK,2026-09-21,09:45,1353.22,1354.91,1342.07,1348.35,92045
ICICIBANK,2026-09-21,10:15,1348.35,1351.87,1332.37,1338.09,399811
ICICIBANK,2026-09-21,10:45,1338.09,1356.41,1336.31,1350.39,359218
ICICIBANK,2026-09-21,11:15,1350.39,1356.96,1338.46,1340.55,320966
ICICIBANK,2026-09-21,11:45,1340.55,1353.04,1339.33,1350.11,121317
ICICIBANK,2026-09-21,12:15,1350.11,1350.44,1335.29,1338.78,265959
ICICIBANK,2026-09-21,12:45,1338.78,1342.38,1332.11,1334.17,306581
ICICIBANK,2026-09-21,13:15,1334.17,1346.16,1332.27,1341.29,333448
ICICIBANK,2026-09-21,13:45,1341.29,1341.73,1339.59,1340.52,455208
ICICIBANK,2026-09-21,14:15,1340.52,1343.92,1334.05,1338.38,346808
ICICIBANK,2026-09-21,14:45,1338.38,1343.00,1338.00,1342.72,115674
ICICIBANK,2026-09-21,15:15,1342.72,1351.42,1341.62,1345.49,271345
SBIN,2026-09-21,09:15,850.00,856.53,845.90,852.71,409588
SBIN,2026-09-21,09:45,852.71,856.75,848.61,855.68,454603
SBIN,2026-09-21,10:15,855.68,866.87,854.68,862.70,477857
SBIN,2026-09-21,10:45,862.70,864.06,853.38,856.12,195202
SBIN,2026-09-21,11:15,856.12,856.32,850.15,850.18,209935
SBIN,2026-09-21,11:45,850.18,853.97,848.01,853.01,356968
SBIN,2026-09-21,12:15,853.01,855.22,844.73,846.79,471072
SBIN,2026-09-21,12:45,846.79,847.76,841.52,842.39,148863
SBIN,2026-09-21,13:15,842.39,846.65,841.26,846.34,238081
SBIN,2026-09-21,13:45,846.34,851.15,844.49,850.11,410489
SBIN,2026-09-21,14:15,850.11,861.67,849.37,858.18,154577
SBIN,2026-09-21,14:45,858.18,860.85,857.74,858.45,393209
SBIN,2026-09-21,15:15,858.45,860.03,854.42,858.62,182811
ITC,2026-09-21,09:15,500.00,500.08,497.62,500.05,60400
ITC,2026-09-21,09:45,500.05,505.74,498.24,503.38,328995
ITC,2026-09-21,10:15,503.38,509.20,501.06,507.81,379915
ITC,2026-09-21,10:45,507.81,511.20,507.38,510.41,294212
ITC,2026-09-21,11:15,510.41,515.57,508.66,513.97,359576
ITC,2026-09-21,11:45,513.97,520.62,512.37,518.52,170305
ITC,2026-09-21,12:15,518.52,522.32,518.42,522.30,466636
ITC,2026-09-21,12:45,522.30,528.01,520.47,526.93,408681
ITC,2026-09-21,13:15,526.93,534.31,524.32,532.08,72545
ITC,2026-09-21,13:45,532.08,533.74,530.48,531.06,109014
ITC,2026-09-21,14:15,531.06,535.63,528.77,535.28,391132
ITC,2026-09-21,14:45,535.28,540.21,532.77,539.79,163386
ITC,2026-09-21,15:15,539.79,542.16,532.73,534.46,324540
LT,2026-09-21,09:15,3600.00,3638.39,3582.74,3630.90,462977
LT,2026-09-21,09:45,3630.90,3671.11,3622.28,3657.64,436883
LT,2026-09-21,10:15,3657.64,3699.96,3641.05,3690.95,221256
LT,2026-09-21,10:45,3690.95,3705.37,3669.07,3682.17,259388
LT,2026-09-21,11:15,3682.17,3698.97,3657.31,3658.95,299085
LT,2026-09-21,11:45,3658.95,3667.15,3617.84,3633.88,237917
LT,2026-09-21,12:15,3633.88,3648.18,3620.80,3636.71,219942
LT,2026-09-21,12:45,3636.71,3651.44,3615.37,3628.37,336773
LT,2026-09-21,13:15,3628.37,3631.94,3590.33,3595.21,464308
LT,2026-09-21,13:45,3595.21,3607.09,3579.09,3582.65,263108
LT,2026-09-21,14:15,3582.65,3582.93,3537.32,3554.98,66354
LT,2026-09-21,14:45,3554.98,3556.16,3522.09,3524.72,260931
LT,2026-09-21,15:15,3524.72,3534.97,3494.00,3499.60,364984
BHARTIARTL,2026-09-21,09:15,1850.00,1856.91,1829.35,1834.80,257200
BHARTIARTL,2026-09-21,09:45,1834.80,1839.91,1827.16,1832.18,69850
BHARTIARTL,2026-09-21,10:15,1832.18,1849.74,1831.26,1844.41,120208
BHARTIARTL,2026-09-21,10:45,1844.41,1868.23,1842.07,1860.11,365543
BHARTIARTL,2026-09-21,11:15,1860.11,1868.79,1842.01,1850.90,141953
BHARTIARTL,2026-09-21,11:45,1850.90,1865.89,1843.40,1860.54,351481
BHARTIARTL,2026-09-21,12:15,1860.54,1867.59,1846.04,1847.29,69979
BHARTIARTL,2026-09-21,12:45,1847.29,1848.44,1828.10,1832.49,282529
BHARTIARTL,2026-09-21,13:15,1832.49,1837.83,1827.38,1837.12,306912
BHARTIARTL,2026-09-21,13:45,1837.12,1842.69,1830.22,1838.52,299819
BHARTIARTL,2026-09-21,14:15,1838.52,1840.35,1828.54,1831.81,378661
BHARTIARTL,2026-09-21,14:45,1831.81,1856.82,1824.92,1848.86,478301
BHARTIARTL,2026-09-21,15:15,1848.86,1871.54,1847.40,1865.02,155496
WIPRO,2026-09-21,09:15,520.00,520.49,515.88,516.07,222398
WIPRO,2026-09-21,09:45,516.07,517.68,510.25,511.24,371422
WIPRO,2026-09-21,10:15,511.24,515.68,511.13,514.86,306284
WIPRO,2026-09-21,10:45,514.86,518.78,512.55,518.10,323180
WIPRO,2026-09-21,11:15,518.10,519.75,517.57,518.96,271356
WIPRO,2026-09-21,11:45,518.96,522.24,518.95,521.28,434312
WIPRO,2026-09-21,12:15,521.28,522.36,517.55,519.36,69823
WIPRO,2026-09-21,12:45,519.36,523.78,517.26,521.96,314121
WIPRO,2026-09-21,13:15,521.96,523.57,521.29,523.42,193718
WIPRO,2026-09-21,13:45,523.42,525.15,519.81,521.95,449171
WIPRO,2026-09-21,14:15,521.95,524.63,521.78,523.60,75667
WIPRO,2026-09-21,14:45,523.60,525.19,519.68,519.86,489159
WIPRO,2026-09-21,15:15,519.86,525.56,517.98,523.46,177606